first_name,second_name,form,team_against,Home_Away,minutes,xG,xA,xGI,xGC,xPoints,total_points,goals_scored,assists,clean_sheets,goals_conceded,bonus,saves,defensive_points,clearances_blocks_interceptions,recoveries,tackles,defensive_contribution,own_goals,penalties_saved,penalties_missed,yellow_cards,red_cards
Gabriel,dos Santos Magalhães,7.8,Crystal Palace,Away,2686.0,0.09784065524944155,0.05863737900223381,0.15647803425167536,0.6956068503350707,5.923045420699926,6.93596425912137,0.10052122114668652,0.16753536857781087,0.6031273268801192,0.6366344005956813,1.0052122114668651,0.0,0.7371556217423678,7.807148175725986,2.077438570364855,1.2732688011913627,9.080416976917348,0.0,0.0,0.0,0.13402829486224868,0.0
William,Saliba,6.5,Crystal Palace,Away,2610.0,0.030344827586206897,0.04172413793103448,0.07206896551724137,0.7037931034482758,4.61896551724138,4.689655172413793,0.034482758620689655,0.0,0.5172413793103449,0.6896551724137931,0.41379310344827586,0.0,0.27586206896551724,5.344827586206897,3.896551724137931,1.206896551724138,6.551724137931035,0.0,0.0,0.0,0.06896551724137931,0.0
Riccardo,Calafiori,3.8,Crystal Palace,Away,1627.0,0.17203441917639825,0.03540258143822987,0.2074370006146281,0.5055931161647202,6.220897357098954,5.8082360172095875,0.05531653349723417,0.11063306699446834,0.7191149354640441,0.3872157344806392,0.33189920098340503,0.0,0.0,3.7615242778119233,3.927473878303626,1.7701290719114935,5.531653349723417,0.0,0.0,0.0,0.27658266748617083,0.0
Jurriën,Timber,0.0,Crystal Palace,Away,2433.0,0.17422934648582,0.05659679408138101,0.23082614056720102,0.6210850801479654,5.633415536374846,5.511713933415536,0.11097410604192355,0.2219482120838471,0.4808877928483354,0.7398273736128236,0.3329223181257706,0.0,0.2219482120838471,2.996300863131936,3.5511713933415536,2.3674475955610355,5.363748458692971,0.0,0.0,0.0,0.14796547472256472,0.0
Myles,Lewis-Skelly,3.5,Crystal Palace,Away,525.0,0.017142857142857144,0.029142857142857147,0.04628571428571429,0.7337142857142858,4.688571428571429,3.085714285714286,0.0,0.0,0.34285714285714286,0.8571428571428572,0.0,0.0,0.0,1.885714285714286,3.428571428571429,1.3714285714285714,3.257142857142857,0.0,0.0,0.0,0.34285714285714286,0.0
Benjamin,White,3.2,Crystal Palace,Away,676.0,0.059911242603550297,0.09053254437869823,0.15044378698224853,0.8893491124260355,5.509171597633135,5.724852071005917,0.0,0.13313609467455623,0.665680473372781,0.665680473372781,0.3994082840236686,0.0,0.26627218934911245,4.792899408284024,3.727810650887574,1.9970414201183433,6.789940828402367,0.0,0.0,0.0,0.0,0.0
Cristhian,Mosquera,1.8,Crystal Palace,Away,870.0,0.010344827586206898,0.06310344827586208,0.07344827586206898,0.8213793103448277,4.46793103448276,3.2068965517241383,0.0,0.0,0.3103448275862069,0.6206896551724138,0.10344827586206898,0.0,0.20689655172413796,5.379310344827586,3.3103448275862073,3.2068965517241383,8.586206896551724,0.0,0.0,0.0,0.4137931034482759,0.0
Piero,Hincapié,2.5,Crystal Palace,Away,1637.0,0.018142944410507025,0.08851557727550396,0.10665852168601099,0.884056200366524,4.777092241905924,4.288332315210751,0.05497861942577886,0.05497861942577886,0.2748930971288943,0.9896151496640195,0.38485033598045204,0.0,0.7697006719609041,6.4324984728161265,3.243738546120953,2.5290164935858277,8.961514966401955,0.05497861942577886,0.0,0.0,0.10995723885155773,0.0
Matty,Cash,2.0,Man City,Away,2971.0,0.03453382699427802,0.08875799394143385,0.12329182093571187,1.3722652305621004,2.6509256142712894,3.513968360821272,0.0908784920902053,0.0908784920902053,0.24234264557388083,1.151127566475934,0.21204981487714572,0.0,0.06058566139347021,3.604846852911477,2.605183439919219,1.999326825984517,5.604173678895994,0.0,0.0,0.0,0.27263547627061596,0.0
Lucas,Digne,1.8,Man City,Away,1710.0,0.026842105263157896,0.12789473684210526,0.15473684210526314,1.298421052631579,3.5278947368421054,4.421052631578948,0.0,0.2631578947368421,0.3684210526315789,1.0526315789473684,0.2631578947368421,0.0,0.10526315789473684,3.736842105263158,3.0,1.736842105263158,5.473684210526316,0.0,0.0,0.0,0.10526315789473684,0.0
Ezri,Konsa Ngoyo,1.0,Man City,Away,3035.0,0.03766062602965404,0.017495881383855025,0.05515650741350907,1.450971993410214,2.631795716639209,2.9654036243822075,0.0,0.029654036243822075,0.26688632619439867,1.3047775947281715,0.08896210873146623,0.0,0.17792421746293247,5.159802306425041,3.202635914332784,0.6523887973640857,5.812191103789127,0.0,0.0,0.0,0.0,0.029654036243822075
Ian,Maatsen,0.8,Man City,Away,1397.0,0.0521832498210451,0.13786685755189693,0.19005010737294203,1.5075161059413027,3.641231209735147,2.512526843235505,0.0,0.06442376521116679,0.12884753042233357,1.5461703650680028,0.0,0.0,0.12884753042233357,4.316392269148174,4.7029348604151755,2.2548317823908377,6.571224051539012,0.0,0.0,0.0,0.12884753042233357,0.0
Tyrone,Mings,0.2,Man City,Away,1201.0,0.0974188176519567,0.031473771856786015,0.12889258950874272,1.6366361365528725,3.3706910907577017,3.2972522897585343,0.0,0.07493755203996669,0.22481265611990006,1.6486261448792672,0.29975020815986675,0.0,0.4496253122398001,6.594504579517069,3.4471273938384677,0.29975020815986675,6.894254787676935,0.0,0.0,0.0,0.07493755203996669,0.0
Pau,Torres,1.2,Man City,Away,1640.0,0.06475609756097563,0.021402439024390246,0.08615853658536587,1.1952439024390242,3.143963414634147,3.4024390243902443,0.0,0.10975609756097561,0.27439024390243905,0.9878048780487805,0.10975609756097561,0.0,0.21951219512195122,4.774390243902439,4.280487804878049,1.152439024390244,5.926829268292683,0.054878048780487805,0.0,0.0,0.054878048780487805,0.0
Lamare,Bogarde,1.0,Man City,Away,847.0,0.0,0.013813459268004723,0.013813459268004723,1.2368358913813458,3.1399055489964582,2.656434474616293,0.0,0.0,0.21251475796930341,1.7001180637544273,0.42502951593860683,0.0,0.0,2.3376623376623376,3.187721369539551,2.231404958677686,4.569067296340023,0.0,0.0,0.0,0.21251475796930341,0.0
Victor,Lindelöf,0.8,Man City,Away,838.0,0.03007159904534606,0.007517899761336515,0.037589498806682574,1.4917661097852026,2.3208830548926014,2.2553699284009543,0.0,0.10739856801909307,0.10739856801909307,1.503579952267303,0.0,0.0,0.0,4.295942720763723,1.610978520286396,0.6443914081145584,4.940334128878281,0.0,0.0,0.0,0.0,0.0
Kyle,Walker,1.5,Wolves,Home,2997.0,0.004504504504504505,0.03723723723723724,0.04174174174174175,1.9612612612612614,1.8252252252252255,2.012012012012012,0.0,0.060060060060060066,0.12012012012012013,1.9219219219219221,0.0900900900900901,0.0,0.24024024024024027,4.564564564564565,4.414414414414415,1.6216216216216217,6.186186186186187,0.0,0.0,0.0,0.2702702702702703,0.0
Hjalmar,Ekdal,1.8,Wolves,Home,1522.0,0.014783180026281208,0.018922470433639947,0.03370565045992115,1.7798948751642576,3.1115637319316685,2.9566360052562417,0.0,0.0,0.11826544021024966,2.0105124835742445,0.11826544021024966,0.0,1.064388961892247,8.69250985545335,2.897503285151117,1.419185282522996,10.111695137976346,0.0,0.0,0.0,0.0,0.0
Maxime,Estève,3.0,Wolves,Home,2919.0,0.022507708119218914,0.018191161356628988,0.0406988694758479,2.037410071942446,2.841212744090442,2.6207605344295994,0.0,0.0,0.09249743062692704,2.0966084275436794,0.0,0.0,1.1716341212744092,8.94141829393628,3.5149023638232273,1.3566289825282631,10.298047276464544,0.061664953751284696,0.0,0.0,0.030832476875642348,0.0
Quilindschy,Hartman,1.2,Wolves,Home,1825.0,0.01578082191780822,0.09764383561643836,0.11342465753424658,2.116109589041096,2.289205479452055,3.106849315068493,0.0,0.2958904109589041,0.14794520547945206,1.9726027397260273,0.0,0.0,0.2958904109589041,4.980821917808219,3.4027397260273973,2.5643835616438353,7.545205479452054,0.0,0.0,0.0,0.049315068493150684,0.0
Bashir,Humphreys,0.8,Wolves,Home,1474.0,0.02564450474898236,0.04090909090909091,0.06655359565807327,1.9880597014925376,2.38921302578019,2.6865671641791047,0.0,0.1221166892808684,0.1221166892808684,1.8317503392130259,0.0610583446404342,0.0,0.7327001356852104,6.655359565807328,3.9077340569877888,1.6485753052917234,8.30393487109905,0.0,0.0,0.0,0.3663500678426052,0.0
Lucas,Pires Silva,0.8,Wolves,Home,1282.0,0.023166926677067084,0.09407176287051483,0.11723868954758192,1.69399375975039,2.201560062402496,1.40405616224649,0.0,0.0,0.0702028081123245,1.8954758190327614,0.0,0.0,0.140405616224649,4.21216848673947,5.61622464898596,1.965678627145086,6.177847113884556,0.0,0.0,0.0,0.0702028081123245,0.0702028081123245
Oliver,Sonne,0.0,Wolves,Home,129.0,0.11162790697674418,0.05581395348837209,0.16744186046511628,1.6534883720930234,6.3348837209302316,2.0930232558139537,0.0,0.0,0.0,2.0930232558139537,0.0,0.0,0.0,1.3953488372093024,2.7906976744186047,0.6976744186046512,2.0930232558139537,0.0,0.0,0.0,0.0,0.0
Axel,Tuanzebe,1.2,Wolves,Home,1111.0,0.04941494149414941,0.00891089108910891,0.058325832583258325,2.2366336633663364,2.29009900990099,2.592259225922592,0.081008100810081,0.0,0.081008100810081,2.025202520252025,0.0,0.0,0.8100810081008101,8.01980198019802,2.673267326732673,1.053105310531053,9.072907290729072,0.081008100810081,0.0,0.0,0.081008100810081,0.0
Joe,Worrall,0.0,Wolves,Home,461.0,0.015618221258134491,0.0039045553145336228,0.019522776572668113,1.6848156182212584,3.674186550976139,2.9284164859002173,0.0,0.0,0.0,1.7570498915401302,0.0,0.0,1.5618221258134493,12.104121475054232,1.5618221258134493,0.5856832971800434,12.689804772234275,0.0,0.0,0.0,0.0,0.0
Marcos,Senesi Barón,7.5,Nott'm Forest,Away,3198.0,0.04305816135084429,0.13227016885553472,0.175328330206379,1.4926829268292683,4.75609756097561,4.8686679174484055,0.0,0.16885553470919326,0.30956848030018763,1.4634146341463414,0.39399624765478425,0.0,1.4634146341463414,9.906191369606004,4.221388367729832,1.6885553470919326,11.594746716697937,0.0,0.0,0.0,0.22514071294559101,0.0
Adam,Smith,4.2,Nott'm Forest,Away,927.0,0.0,0.021359223300970873,0.021359223300970873,1.5019417475728154,2.759223300970873,4.757281553398058,0.0,0.1941747572815534,0.5825242718446602,1.3592233009708736,0.3883495145631068,0.0,0.0,4.563106796116505,2.3300970873786406,1.1650485436893203,5.7281553398058245,0.0,0.0,0.0,0.0970873786407767,0.0
Adrien,Truffert,5.8,Nott'm Forest,Away,3288.0,0.03695255474452555,0.08102189781021898,0.11797445255474454,1.4422445255474452,3.8939781021897817,4.352189781021898,0.02737226277372263,0.13686131386861314,0.3010948905109489,1.3686131386861315,0.4927007299270073,0.0,0.6569343065693432,5.392335766423358,5.009124087591241,2.6003649635036497,7.992700729927008,0.0,0.0,0.0,0.13686131386861314,0.0
James,Hill,4.5,Nott'm Forest,Away,1993.0,0.04019066733567486,0.05193176116407426,0.09212242849974912,1.3353236327145006,4.146864024084294,4.651279478173607,0.0,0.13547415955845457,0.3612644254892122,0.9483191169091821,0.1806322127446061,0.0,1.1741093828399398,9.16708479678876,3.2062217762167586,1.716006021073758,10.883090817862518,0.09031610637230306,0.0,0.0,0.1806322127446061,0.0
Bafodé,Diakité,0.0,Nott'm Forest,Away,1260.0,0.0014285714285714286,0.01357142857142857,0.014999999999999998,1.5535714285714286,3.1921428571428576,3.0714285714285716,0.0,0.0,0.2857142857142857,1.8571428571428572,0.14285714285714285,0.0,0.5714285714285714,6.785714285714286,3.4285714285714284,1.4285714285714286,8.214285714285714,0.0,0.0,0.0,0.07142857142857142,0.0
Álex,Jiménez Sánchez,1.5,Nott'm Forest,Away,2312.0,0.04243079584775086,0.06734429065743944,0.1097750865051903,1.60030276816609,2.9759948096885807,2.8806228373702423,0.03892733564013841,0.07785467128027682,0.23356401384083045,1.518166089965398,0.07785467128027682,0.0,0.15570934256055363,3.075259515570934,5.255190311418685,2.608131487889273,5.6833910034602075,0.0,0.0,0.0,0.35034602076124566,0.0
Veljko,Milosavljevic,0.0,Nott'm Forest,Away,360.0,0.0375,0.0475,0.08499999999999999,1.0274999999999999,4.8975,4.0,0.0,0.0,0.25,1.5,0.0,0.0,1.5,8.5,3.25,1.25,9.75,0.0,0.0,0.0,0.0,0.0
Nathan,Collins,3.0,Liverpool,Away,2865.0,0.07036649214659686,0.04335078534031414,0.113717277486911,1.3752879581151833,3.6923560209424084,3.9267015706806285,0.031413612565445025,0.06282722513089005,0.28272251308900526,1.3193717277486912,0.2198952879581152,0.0,0.9424083769633508,8.670157068062828,4.052356020942408,0.8795811518324608,9.54973821989529,0.031413612565445025,0.0,0.0,0.18848167539267016,0.0
Keane,Lewis-Potter,3.5,Liverpool,Away,1761.0,0.14514480408858602,0.10119250425894379,0.24633730834752982,1.4534923339011925,4.144804088586031,4.957410562180579,0.15332197614991483,0.10221465076660988,0.4599659284497445,1.4821124361158433,0.2555366269165247,0.0,0.0,1.9931856899488927,4.4463373083475295,0.9710391822827938,2.9642248722316866,0.0,0.0,0.0,0.0,0.0
Kristoffer,Ajer,1.5,Liverpool,Away,1740.0,0.03103448275862069,0.016551724137931035,0.04758620689655173,1.555344827586207,3.322758620689655,3.517241379310345,0.0,0.05172413793103449,0.25862068965517243,1.5,0.05172413793103449,0.0,0.9310344827586208,7.655172413793104,2.896551724137931,1.8620689655172415,9.517241379310345,0.0,0.0,0.0,0.15517241379310345,0.0
Rico,Henry,0.0,Liverpool,Away,1194.0,0.0037688442211055275,0.03919597989949749,0.04296482412060302,1.4871859296482413,2.612562814070351,3.3919597989949746,0.0,0.1507537688442211,0.3015075376884422,1.2814070351758793,0.0,0.0,0.0,3.467336683417085,4.899497487437186,0.9045226130653266,4.371859296482412,0.0,0.0,0.0,0.07537688442211055,0.0
Michael,Kayode,1.8,Liverpool,Away,3168.0,0.03636363636363636,0.08181818181818182,0.11818181818181818,1.4093749999999998,2.868181818181818,3.153409090909091,0.028409090909090908,0.056818181818181816,0.28409090909090906,1.3636363636363635,0.2556818181818182,0.0,0.17045454545454544,4.232954545454545,4.517045454545454,1.846590909090909,6.079545454545454,0.028409090909090908,0.0,0.0,0.22727272727272727,0.0
Ethan,Pinnock,0.0,Liverpool,Away,318.0,0.0028301886792452833,0.016981132075471698,0.01981132075471698,1.0471698113207548,3.7245283018867927,3.9622641509433962,0.0,0.0,0.2830188679245283,1.4150943396226416,0.5660377358490566,0.0,1.1320754716981132,10.471698113207548,3.1132075471698113,1.4150943396226416,11.88679245283019,0.2830188679245283,0.0,0.0,0.2830188679245283,0.0
Sepp,van den Berg,2.5,Liverpool,Away,2663.0,0.10747277506571537,0.03176868193766429,0.13924145700337967,1.3018400300413073,3.7831768681937663,3.548629365377394,0.0,0.06759294029290275,0.270371761171611,1.3518588058580547,0.10138941043935411,0.0,0.7435223432219301,8.043559894855425,3.5824258355238454,0.642132932782576,8.685692827638002,0.0,0.0,0.0,0.06759294029290275,0.0
Aaron,Hickey,0.8,Liverpool,Away,568.0,0.06179577464788732,0.02693661971830986,0.08873239436619718,0.9491197183098592,5.091021126760564,4.119718309859155,0.0,0.0,0.31690140845070425,1.1091549295774648,0.0,0.0,0.31690140845070425,4.436619718309859,4.436619718309859,1.426056338028169,5.862676056338028,0.0,0.0,0.0,0.0,0.0
Olivier,Boscagli,0.3,Man Utd,Home,791.0,0.0,0.040960809102402025,0.040960809102402025,1.2094816687737042,3.5044247787610616,4.209860935524652,0.0,0.11378002528445005,0.34134007585335013,1.1378002528445006,0.4551201011378002,0.0,0.4551201011378002,7.054361567635904,5.9165613147914025,1.8204804045512009,8.874841972187104,0.0,0.0,0.0,0.2275600505689001,0.0
Diego,Coppola,0.0,Man Utd,Home,176.0,0.0,0.005113636363636364,0.005113636363636364,2.203977272727273,1.5494318181818179,3.5795454545454546,0.0,0.0,0.5113636363636364,1.0227272727272727,0.0,0.0,1.0227272727272727,6.136363636363637,2.556818181818182,1.0227272727272727,7.159090909090909,0.0,0.0,0.0,1.0227272727272727,0.0
Maxim,De Cuyper,6.0,Man Utd,Home,1241.0,0.06599516518936341,0.26905721192586624,0.3350523771152296,1.4555197421434327,4.3651087832393225,4.568896051571313,0.072522159548751,0.145044319097502,0.36261079774375504,1.305398871877518,0.580177276390008,0.0,0.0,2.538275584206285,4.423851732473811,1.087832393231265,3.62610797743755,0.0,0.0,0.0,0.145044319097502,0.0
Lewis,Dunk,5.7,Man Utd,Home,2745.0,0.060000000000000005,0.01737704918032787,0.07737704918032787,1.2849180327868854,3.13344262295082,3.2131147540983607,0.03278688524590164,0.03278688524590164,0.22950819672131148,1.180327868852459,0.16393442622950818,0.0,0.5245901639344263,6.327868852459017,4.262295081967213,1.0819672131147542,7.409836065573771,0.0,0.0,0.0,0.32786885245901637,0.0
Ferdi,Kadıoğlu,3.0,Man Utd,Home,3040.0,0.05950657894736841,0.0974013157894737,0.1569078947368421,1.2715460526315787,3.4617434210526317,3.463815789473684,0.029605263157894735,0.05921052631578947,0.29605263157894735,1.125,0.20723684210526316,0.0,0.11842105263157894,3.256578947368421,3.7598684210526314,1.6578947368421053,4.9144736842105265,0.0,0.0,0.0,0.17763157894736842,0.0
Igor Julio,dos Santos de Paulo,0.0,Man Utd,Home,90.0,0.0,0.0,0.0,4.05,2.0,3.0,0.0,0.0,0.0,2.0,0.0,0.0,2.0,12.0,3.0,0.0,12.0,0.0,0.0,0.0,0.0,0.0
Jan Paul,van Hecke,3.3,Man Utd,Home,3120.0,0.09548076923076924,0.0441346153846154,0.13961538461538464,1.2868269230769234,3.881826923076923,4.240384615384616,0.08653846153846155,0.08653846153846155,0.2884615384615385,1.1826923076923077,0.23076923076923078,0.0,0.75,7.4423076923076925,3.201923076923077,1.5,8.942307692307693,0.028846153846153848,0.0,0.0,0.25961538461538464,0.0
Joël,Veltman,2.7,Man Utd,Home,957.0,0.10815047021943573,0.01786833855799373,0.12601880877742946,1.326959247648903,4.00909090909091,3.479623824451411,0.09404388714733543,0.0,0.18808777429467086,1.0344827586206897,0.09404388714733543,0.0,0.5642633228840126,5.266457680250784,3.29153605015674,2.633228840125392,7.899686520376176,0.0,0.0,0.0,0.3761755485893417,0.0
Marc,Cucurella Saseta,2.0,Sunderland,Away,2605.0,0.08084452975047984,0.10606525911708255,0.18690978886756238,1.3567370441458735,3.399961612284069,3.523992322456814,0.0345489443378119,0.1381957773512476,0.31094049904030713,1.2783109404990405,0.17274472168905952,0.0,0.1381957773512476,4.3531669865642995,3.7658349328214973,1.831094049904031,6.184261036468331,0.0,0.0,0.0,0.2763915547024952,0.0345489443378119
Reece,James,0.3,Sunderland,Away,1888.0,0.04671610169491525,0.1496822033898305,0.19639830508474573,1.2999470338983052,3.984216101694915,5.291313559322034,0.09533898305084745,0.2860169491525424,0.3813559322033898,0.9533898305084746,0.524364406779661,0.0,0.1906779661016949,3.8135593220338984,4.623940677966102,2.288135593220339,6.101694915254237,0.0,0.0,0.0,0.1906779661016949,0.0
Trevoh,Chalobah,0.7,Sunderland,Away,2730.0,0.04747252747252748,0.03395604395604396,0.08142857142857143,1.32989010989011,3.7282417582417575,4.384615384615385,0.09890109890109891,0.03296703296703297,0.2967032967032967,1.3186813186813187,0.23076923076923078,0.0,0.9230769230769231,7.384615384615385,3.857142857142857,1.153846153846154,8.538461538461538,0.0,0.0,0.0,0.09890109890109891,0.03296703296703297
Levi,Samuels Colwill,1.7,Sunderland,Away,135.0,0.0,0.013333333333333334,0.013333333333333334,1.0133333333333334,3.9866666666666664,3.3333333333333335,0.0,0.0,0.0,1.3333333333333333,0.0,0.0,1.3333333333333333,6.666666666666667,2.6666666666666665,1.3333333333333333,8.0,0.0,0.0,0.0,0.0,0.0
Malo,Gusto,0.7,Sunderland,Away,2129.0,0.0651009863785815,0.10230155002348522,0.1674025364020667,1.442367308595585,3.6380460310004694,3.9736965711601693,0.08454673555659935,0.12682010333489901,0.2959135744480977,1.3950211366838892,0.2959135744480977,0.0,0.0,2.7900422733677783,5.072804133395961,2.1136683889149834,4.903710662282762,0.0,0.0,0.0,0.12682010333489901,0.042273367778299674
Benoît,Badiashile Mukinayi,0.0,Sunderland,Away,459.0,0.0,0.011764705882352943,0.011764705882352943,1.2098039215686276,2.811764705882353,1.5686274509803924,0.0,0.0,0.0,1.5686274509803924,0.0,0.0,0.3921568627450981,7.843137254901961,2.7450980392156863,1.3725490196078431,9.215686274509805,0.0,0.0,0.0,0.19607843137254904,0.0
Wesley,Fofana,2.3,Sunderland,Away,1629.0,0.03977900552486188,0.03314917127071823,0.07292817679558011,1.2779005524861877,3.920441988950276,3.591160220994475,0.0,0.11049723756906077,0.22099447513812154,1.2154696132596685,0.16574585635359115,0.0,0.7734806629834253,9.502762430939226,4.198895027624309,0.9944751381215469,10.497237569060772,0.0,0.0,0.0,0.2762430939226519,0.055248618784530384
Mamadou,Sarr,0.3,Sunderland,Away,89.0,0.3539325842696629,0.0,0.3539325842696629,1.142696629213483,4.146067415730337,1.0112359550561798,0.0,0.0,0.0,2.0224719101123596,0.0,0.0,0.0,7.078651685393258,1.0112359550561798,1.0112359550561798,8.089887640449438,0.0,0.0,0.0,0.0,0.0
Tosin,Adarabioyo,0.0,Sunderland,Away,725.0,0.013655172413793104,0.04965517241379311,0.06331034482758621,1.447448275862069,3.2499310344827586,3.3517241379310345,0.0,0.0,0.2482758620689655,1.4896551724137932,0.2482758620689655,0.0,0.993103448275862,9.186206896551724,2.4827586206896552,1.7379310344827588,10.924137931034483,0.0,0.0,0.0,0.2482758620689655,0.0
Josh,Acheampong,0.7,Sunderland,Away,605.0,0.08925619834710743,0.00743801652892562,0.09669421487603305,2.10198347107438,3.0451239669421484,4.6115702479338845,0.1487603305785124,0.0,0.2975206611570248,1.6363636363636362,0.743801652892562,0.0,0.0,4.462809917355372,3.5702479338842976,1.1900826446280992,5.652892561983471,0.0,0.0,0.0,0.1487603305785124,0.0
Jorrel,Hato,1.3,Sunderland,Away,1050.0,0.022285714285714287,0.041999999999999996,0.06428571428571428,1.3114285714285716,3.0162857142857145,1.2857142857142858,0.0,0.0,0.0,1.9714285714285715,0.0,0.0,0.17142857142857143,4.542857142857143,4.114285714285715,2.8285714285714287,7.371428571428572,0.0,0.0,0.0,0.5142857142857143,0.0
Daniel,Muñoz Mejía,3.0,Arsenal,Home,2342.0,0.09030742954739539,0.1510247651579846,0.24133219470537998,1.2708368915456874,4.010802732707088,5.149444918872758,0.1537147736976943,0.1537147736976943,0.3842869342442357,1.2297181895815543,0.34585824081981215,0.0,0.53800170794193,4.726729291204099,3.6891545687446627,2.7284372331340734,7.455166524338172,0.0,0.0,0.0,0.269000853970965,0.0
Maxence,Lacroix,2.2,Arsenal,Home,3085.0,0.07147487844408429,0.02421393841166937,0.09568881685575366,1.2847974068071315,4.157504051863857,4.492706645056726,0.029173419773095625,0.05834683954619125,0.32090761750405183,1.3711507293354943,0.32090761750405183,0.0,1.1669367909238249,9.043760129659644,2.8006482982171796,1.7504051863857375,10.794165316045381,0.0,0.0,0.0,0.1166936790923825,0.029173419773095625
Tyrick,Mitchell,1.6,Arsenal,Home,3208.0,0.044607231920199504,0.07097880299251871,0.11558603491271821,1.358416458852868,3.146913965087282,3.7593516209476308,0.028054862842892766,0.08416458852867831,0.33665835411471323,1.2905236907730673,0.22443890274314213,0.0,0.33665835411471323,3.983790523690773,5.162094763092269,2.8054862842892767,6.78927680798005,0.0,0.0,0.0,0.16832917705735662,0.0
Borna,Sosa,0.0,Arsenal,Home,95.0,0.037894736842105266,0.0663157894736842,0.10421052631578948,0.596842105263158,8.459999999999999,1.894736842105263,0.0,0.0,0.0,1.894736842105263,0.0,0.0,0.0,5.684210526315789,1.894736842105263,2.8421052631578947,8.526315789473683,0.0,0.0,0.0,0.9473684210526315,0.0
Chris,Richards,1.2,Arsenal,Home,2811.0,0.07748132337246531,0.04994663820704376,0.12742796157950909,1.3053361792956244,3.7767342582710777,4.0661686232657415,0.032017075773746,0.0,0.35218783351120597,1.312700106723586,0.16008537886872998,0.0,0.8324439701173959,8.196371398078975,2.049092849519744,1.7289220917822838,9.925293489861259,0.0,0.0,0.0,0.128068303094984,0.0
Chadi,Riad Dnanou,0.6,Arsenal,Home,446.0,0.012107623318385649,0.020179372197309416,0.03228699551569507,1.323766816143498,3.515246636771301,2.623318385650224,0.0,0.0,0.20179372197309417,1.210762331838565,0.0,0.0,0.0,5.448430493273542,4.237668161434978,1.210762331838565,6.6591928251121075,0.0,0.0,0.0,0.40358744394618834,0.0
Nathaniel,Clyne,0.2,Arsenal,Home,490.0,0.0789795918367347,0.11020408163265308,0.18918367346938778,1.3426530612244896,4.16204081632653,2.571428571428571,0.0,0.18367346938775508,0.0,1.6530612244897958,0.36734693877551017,0.0,0.0,4.408163265306122,2.9387755102040813,2.387755102040816,6.795918367346938,0.0,0.0,0.0,0.18367346938775508,0.0
Jaydee,Canvot,2.0,Arsenal,Home,1308.0,0.1018348623853211,0.022706422018348625,0.12454128440366974,1.6107798165137615,4.466284403669724,4.678899082568807,0.0,0.0,0.3440366972477064,1.5825688073394495,0.6192660550458715,0.0,1.3761467889908257,8.669724770642201,3.7155963302752295,2.6834862385321103,11.353211009174313,0.0,0.0,0.0,0.20642201834862386,0.0
Jarrad,Branthwaite,0.0,Spurs,Away,661.0,0.04629349470499244,0.01497730711043873,0.06127080181543117,1.2676248108925872,3.7266263237518915,4.084720121028744,0.1361573373676248,0.1361573373676248,0.1361573373676248,1.2254160363086233,0.0,0.0,0.8169440242057489,6.263237518910741,3.94856278366112,1.9062027231467475,8.169440242057489,0.0,0.0,0.0,0.1361573373676248,0.0
James,Tarkowski,5.2,Spurs,Away,3240.0,0.06861111111111111,0.058333333333333334,0.12694444444444444,1.455277777777778,3.9666666666666663,4.638888888888889,0.05555555555555555,0.08333333333333333,0.3055555555555556,1.3055555555555556,0.3333333333333333,0.0,1.1666666666666667,8.777777777777779,2.4444444444444446,1.3888888888888888,10.166666666666666,0.0,0.0,0.0,0.19444444444444445,0.0
Vitalii,Mykolenko,0.8,Spurs,Away,2869.0,0.008783548274660161,0.07685604740327641,0.08563959567793657,1.4825374695015685,2.5996165911467415,2.917392819797839,0.0,0.03136981526664343,0.2823283373997909,1.4430115022655978,0.06273963053328686,0.0,0.43917741373300806,5.646566747995817,3.29383060299756,1.4116416869989543,7.058208434994772,0.03136981526664343,0.0,0.0,0.18821889159986058,0.0
Jake,O'Brien,2.0,Spurs,Away,3056.0,0.049181937172774866,0.028861256544502622,0.07804319371727748,1.5420157068062827,2.6729057591623033,3.357329842931937,0.029450261780104712,0.08835078534031414,0.29450261780104714,1.325261780104712,0.058900523560209424,0.0,0.35340314136125656,5.0359947643979055,3.298429319371728,1.649214659685864,6.685209424083769,0.0,0.0,0.0,0.14725130890052357,0.029450261780104712
Michael,Keane,2.0,Spurs,Away,2486.0,0.08000804505229285,0.0083266291230893,0.08833467417538216,1.5324617860016092,3.7227272727272727,4.452936444086887,0.10860820595333869,0.036202735317779566,0.25341914722445696,1.4481094127111827,0.28962188254223653,0.0,1.0136765888978279,8.905872888173773,3.0410297666934833,1.2308930008045051,10.136765888978278,0.0,0.0,0.0,0.036202735317779566,0.036202735317779566
Nathan,Patterson,0.2,Spurs,Away,231.0,0.0,0.015584415584415583,0.015584415584415583,1.312987012987013,4.1922077922077925,7.012987012987012,0.0,0.0,0.7792207792207791,0.3896103896103896,0.0,0.0,1.5584415584415583,7.402597402597402,5.064935064935065,3.1168831168831166,10.519480519480519,0.0,0.0,0.0,0.0,0.0
Antonee,Robinson,3.8,Newcastle,Home,1369.0,0.06902848794740687,0.09532505478451427,0.16435354273192115,1.4982468955441928,3.8268078889700514,3.681519357195033,0.06574141709276844,0.0,0.19722425127830534,1.2490869247626004,0.3944485025566107,0.0,0.5259313367421475,5.390796201607013,5.982468955441929,2.9583637691745803,8.349159970781592,0.0,0.0,0.0,0.26296566837107377,0.0
Joachim,Andersen,3.0,Newcastle,Home,2882.0,0.044656488549618324,0.05714781401804303,0.10180430256766135,1.4015267175572517,3.9419500346981264,3.8410825815405962,0.0,0.03122831367106176,0.24982650936849407,1.4052741151977792,0.24982650936849407,0.0,1.2491325468424703,8.86884108258154,3.5600277585010405,1.4052741151977792,10.274115197779318,0.0,0.0,0.0,0.2185981956974323,0.03122831367106176
Calvin,Bassey,2.8,Newcastle,Home,2430.0,0.06333333333333334,0.012962962962962963,0.0762962962962963,1.3699999999999999,3.3833333333333337,3.5185185185185186,0.037037037037037035,0.037037037037037035,0.2222222222222222,1.4444444444444444,0.3333333333333333,0.0,0.5925925925925926,5.0,4.111111111111111,2.1481481481481484,7.148148148148148,0.0,0.0,0.0,0.18518518518518517,0.0
Timothy,Castagne,3.2,Newcastle,Home,1718.0,0.06548311990686845,0.06915017462165308,0.13463329452852152,1.6658905704307332,2.5868451688009313,2.3573923166472643,0.0,0.10477299185098952,0.10477299185098952,1.6239813736903377,0.05238649592549476,0.0,0.20954598370197905,5.081490104772992,2.828870779976717,1.8859138533178115,6.967403958090803,0.0,0.0,0.0,0.20954598370197905,0.0
Issa,Diop,0.8,Newcastle,Home,718.0,0.0025069637883008357,0.006267409470752089,0.008774373259052925,1.4841225626740948,1.9642061281337047,1.6295264623955432,0.0,0.0,0.0,1.5041782729805013,0.0,0.0,0.25069637883008355,6.016713091922005,2.256267409470752,0.7520891364902507,6.768802228412256,0.0,0.0,0.0,0.25069637883008355,0.0
Jorge,Cuenca Barreno,0.0,Newcastle,Home,924.0,0.00487012987012987,0.05162337662337662,0.05649350649350649,1.3957792207792208,3.324350649350649,3.506493506493506,0.0,0.0,0.1948051948051948,1.0714285714285714,0.0974025974025974,0.0,1.3636363636363635,8.96103896103896,3.7987012987012982,1.461038961038961,10.422077922077921,0.0,0.0,0.0,0.48701298701298695,0.0
Kenny,Tete,0.0,Newcastle,Home,1784.0,0.046412556053811664,0.06810538116591928,0.11451793721973094,1.3010650224215246,3.7195627802690585,4.0358744394618835,0.05044843049327354,0.0,0.30269058295964124,1.210762331838565,0.2522421524663677,0.0,0.7062780269058295,5.044843049327354,4.086322869955157,3.27914798206278,8.323991031390134,0.0,0.0,0.0,0.10089686098654709,0.0
Jayden,Bogle,1.5,West Ham,Away,2711.0,0.0680560678716341,0.09594245665805974,0.16399852452969382,1.2582073035780157,3.495426042050904,3.087421615639985,0.03319808188860199,0.16599040944300994,0.19918849133161196,1.4275175212098856,0.03319808188860199,0.0,0.13279232755440795,3.552194762080413,4.348948727406861,2.0582810770933233,5.610475839173736,0.0,0.0,0.0,0.19918849133161196,0.0
Pascal,Struijk,1.2,West Ham,Away,2837.0,0.0970743743390906,0.023792738808600635,0.12086711314769123,1.2521325343672893,4.025414169897779,3.3627070849488896,0.0,0.031723651744800845,0.22206556221360593,1.3958406767712372,0.12689460697920338,0.0,0.824814945364822,8.026083891434615,3.5847726471624957,1.1737751145576314,9.199859005992245,0.0,0.0,0.0,0.15861825872400423,0.0
Jaka,Bijol,5.5,West Ham,Away,1810.0,0.030828729281767962,0.033314917127071825,0.0641436464088398,1.4673480662983425,4.0798342541436465,4.773480662983426,0.049723756906077346,0.14917127071823205,0.24861878453038674,1.2430939226519337,0.2983425414364641,0.0,1.0939226519337018,9.19889502762431,2.834254143646409,1.1933701657458564,10.392265193370166,0.0,0.0,0.0,0.14917127071823205,0.0
Sebastiaan,Bornauw,1.8,West Ham,Away,423.0,0.0,0.002127659574468085,0.002127659574468085,1.680851063829787,2.8999999999999995,4.042553191489362,0.0,0.0,0.425531914893617,0.6382978723404255,0.0,0.0,0.425531914893617,8.297872340425531,2.7659574468085104,1.702127659574468,10.0,0.0,0.0,0.0,0.2127659574468085,0.0
Gabriel,Gudmundsson,0.2,West Ham,Away,2637.0,0.03754266211604095,0.09863481228668944,0.1361774744027304,1.4013651877133106,3.262457337883959,2.3208191126279862,0.0,0.0,0.1706484641638225,1.5358361774744027,0.27303754266211605,0.0,0.13651877133105803,4.061433447098976,3.8225255972696246,2.218430034129693,6.279863481228669,0.034129692832764506,0.0,0.0,0.13651877133105803,0.034129692832764506
Joe,Rodon,2.0,West Ham,Away,2861.0,0.04404054526389374,0.0176162181055575,0.06165676336945124,1.4448444599790287,3.472911569381335,3.365955959454736,0.06291506466270536,0.0,0.18874519398811604,1.5728766165676338,0.15728766165676336,0.0,0.6291506466270534,7.266689968542468,2.516602586508214,1.1010136315973436,8.367703600139812,0.0,0.0,0.0,0.09437259699405802,0.0
James,Justin,3.8,West Ham,Away,1758.0,0.08754266211604096,0.05887372013651877,0.14641638225255973,1.4626279863481226,3.906655290102389,4.4027303754266205,0.10238907849829351,0.051194539249146756,0.3071672354948805,1.1262798634812285,0.4607508532423208,0.0,0.40955631399317405,6.040955631399317,3.122866894197952,2.662116040955631,8.703071672354948,0.0,0.0,0.0,0.20477815699658702,0.0
Jeremie,Frimpong,1.0,Brentford,Home,959.0,0.03941605839416058,0.09384775808133473,0.13326381647549532,1.0144942648592286,4.193117831074035,4.410844629822733,0.0,0.18769551616266947,0.46923879040667366,1.032325338894682,0.09384775808133473,0.0,0.0,1.5015641293013557,4.410844629822733,0.8446298227320126,2.346193952033368,0.0,0.0,0.0,0.09384775808133473,0.0
Milos,Kerkez,1.0,Brentford,Home,2233.0,0.05924764890282132,0.027810120913569197,0.08705776981639052,1.1881773399014781,3.8599641737572776,3.264666368114644,0.08060904612628751,0.040304523063143756,0.24182713837886252,1.491267353336319,0.16121809225257502,0.0,0.08060904612628751,3.5467980295566504,3.5064935064935066,1.652485445588894,5.199283475145545,0.0,0.0,0.0,0.16121809225257502,0.0
Andrew,Robertson,2.0,Brentford,Home,1032.0,0.0933139534883721,0.09680232558139536,0.19011627906976747,1.3386627906976745,4.220058139534884,4.098837209302325,0.0872093023255814,0.0,0.3488372093023256,1.3081395348837208,0.3488372093023256,0.0,0.0,2.9651162790697674,3.052325581395349,0.9593023255813954,3.9244186046511627,0.0,0.0,0.0,0.0,0.0
Virgil,van Dijk,5.2,Brentford,Home,3330.0,0.1,0.03432432432432433,0.13432432432432434,1.2451351351351352,4.3537837837837845,4.675675675675675,0.16216216216216217,0.02702702702702703,0.2702702702702703,1.4054054054054055,0.2702702702702703,0.0,0.8648648648648649,8.72972972972973,2.2972972972972974,0.6216216216216216,9.35135135135135,0.0,0.0,0.0,0.10810810810810811,0.0
Ibrahima,Konaté,1.8,Brentford,Home,3002.0,0.031479013990672884,0.028780812791472352,0.06025982678214524,1.185109926715523,4.013124583610926,3.8374417055296473,0.02998001332445037,0.0,0.29980013324450366,1.3191205862758162,0.23984010659560295,0.0,0.7794803464357095,7.105263157894737,3.327781479013991,1.558960692871419,8.664223850766156,0.0,0.0,0.0,0.17988007994670221,0.0
Conor,Bradley,0.0,Brentford,Home,918.0,0.01764705882352941,0.08137254901960786,0.09901960784313726,1.0401960784313724,4.412745098039215,4.11764705882353,0.0,0.19607843137254904,0.3921568627450981,1.1764705882352942,0.19607843137254904,0.0,0.19607843137254904,4.411764705882353,4.215686274509804,1.8627450980392157,6.274509803921569,0.0,0.0,0.0,0.3921568627450981,0.0
Joe,Gomez,0.2,Brentford,Home,507.0,0.026627218934911243,0.09940828402366864,0.12603550295857988,1.3153846153846154,4.647337278106508,4.260355029585798,0.0,0.35502958579881655,0.35502958579881655,1.7751479289940828,0.35502958579881655,0.0,0.0,3.727810650887574,3.195266272189349,1.4201183431952662,5.147928994082839,0.0,0.0,0.0,0.5325443786982248,0.0
Marc,Guéhi,5.6,Aston Villa,Home,3150.0,0.11571428571428573,0.06771428571428571,0.18342857142857144,1.2737142857142858,4.119142857142857,5.114285714285714,0.08571428571428572,0.14285714285714285,0.4,1.0,0.4,0.0,0.6285714285714286,6.628571428571429,3.9714285714285715,1.3142857142857143,7.942857142857143,0.0,0.0,0.0,0.17142857142857143,0.0
Rayan,Aït-Nouri,2.8,Aston Villa,Home,946.0,0.05042283298097252,0.18551797040169135,0.23594080338266388,1.1150105708245244,4.9309725158562365,5.3276955602537,0.0,0.19027484143763213,0.47568710359408034,0.7610993657505285,0.8562367864693446,0.0,0.19027484143763213,2.949260042283298,4.5665961945031714,3.13953488372093,6.088794926004228,0.0,0.0,0.0,0.19027484143763213,0.0
Joško,Gvardiol,0.2,Aston Villa,Home,1358.0,0.14911634756995584,0.0463917525773196,0.19550810014727543,1.0405007363770251,4.604712812960236,5.169366715758469,0.1325478645066274,0.1325478645066274,0.3976435935198822,0.8615611192930781,0.33136966126656847,0.0,0.3976435935198822,5.633284241531665,3.1811487481590577,1.1266568483063328,6.759941089837997,0.0,0.0,0.0,0.1325478645066274,0.0
Nathan,Aké,1.4,Aston Villa,Home,553.0,0.09602169981916817,0.07486437613019892,0.17088607594936708,1.1099457504520793,4.63508137432188,4.231464737793852,0.0,0.0,0.4882459312839059,0.9764918625678118,0.162748643761302,0.0,0.325497287522604,4.556962025316455,2.2784810126582276,1.1392405063291138,5.696202531645569,0.0,0.0,0.0,0.162748643761302,0.0
Abdukodir,Khusanov,4.4,Aston Villa,Home,1406.0,0.04160739687055477,0.07681365576102418,0.11842105263157895,1.322475106685633,3.9443812233285915,4.160739687055477,0.0,0.0,0.3840682788051209,0.8321479374110954,0.19203413940256045,0.0,0.6401137980085349,6.145092460881934,4.736842105263158,1.6642958748221908,7.809388335704125,0.0,0.0,0.0,0.12802275960170698,0.0
Matheus,Nunes,3.0,Aston Villa,Home,2861.0,0.01069556099265991,0.07015029709891646,0.08084585809157636,1.0975533030408946,3.592764767563789,4.844459979028312,0.03145753233135268,0.2516602586508214,0.3774903879762321,0.8808109052778749,0.5033205173016428,0.0,0.2516602586508214,4.341139461726669,5.221950367004544,1.7930793428871026,6.134218804613772,0.0,0.0,0.0,0.15728766165676336,0.0
Rúben,dos Santos Gato Alves Dias,0.0,Aston Villa,Home,2044.0,0.025097847358121327,0.02773972602739726,0.05283757338551859,1.0210861056751466,3.492123287671233,4.887475538160469,0.08806262230919765,0.0,0.5283757338551859,0.8365949119373777,0.1761252446183953,0.0,0.44031311154598823,6.604696673189824,3.1262230919765166,0.5724070450097847,7.177103718199608,0.0,0.0,0.0,0.13209393346379647,0.0
John,Stones,0.2,Aston Villa,Home,347.0,0.0,0.015561959654178673,0.015561959654178673,1.268299711815562,3.439193083573487,2.593659942363112,0.0,0.0,0.25936599423631124,1.8155619596541785,0.0,0.0,0.0,4.927953890489913,4.14985590778098,0.0,4.927953890489913,0.0,0.0,0.0,0.0,0.0
Rico,Lewis,0.0,Aston Villa,Home,268.0,0.036940298507462686,0.3492537313432836,0.38619402985074625,1.3130597014925374,5.258955223880598,4.365671641791045,0.0,0.33582089552238803,0.33582089552238803,1.3432835820895521,0.6716417910447761,0.0,0.0,4.701492537313433,2.6865671641791042,1.6791044776119401,6.380597014925373,0.0,0.0,0.0,0.33582089552238803,0.0
Nico,O'Reilly,2.8,Aston Villa,Home,2608.0,0.21050613496932516,0.09179447852760735,0.3023006134969325,1.1643404907975459,4.678757668711657,5.4524539877300615,0.17254601226993865,0.13803680981595093,0.4831288343558282,0.8282208588957055,0.3450920245398773,0.0,0.06901840490797546,3.588957055214724,3.588957055214724,2.2430981595092025,5.832055214723926,0.0,0.0,0.0,0.17254601226993865,0.0
Max,Alleyne,0.0,Aston Villa,Home,135.0,0.17333333333333334,0.04,0.21333333333333335,1.0266666666666666,5.4799999999999995,3.3333333333333335,0.0,0.0,0.0,0.6666666666666666,0.0,0.0,1.3333333333333333,5.333333333333333,2.6666666666666665,2.0,7.333333333333333,0.0,0.0,0.0,0.0,0.0
Matthijs,de Ligt,0.0,Brighton,Away,1170.0,0.10615384615384614,0.06384615384615386,0.16999999999999998,1.440769230769231,4.123846153846154,3.3076923076923075,0.07692307692307693,0.0,0.07692307692307693,1.5384615384615385,0.38461538461538464,0.0,0.6153846153846154,6.769230769230769,3.076923076923077,1.4615384615384615,8.23076923076923,0.0,0.0,0.0,0.0,0.0
Lisandro,Martínez,2.2,Brighton,Away,1129.0,0.01195748449955713,0.04384410983170948,0.05580159433126661,1.1415411868910539,3.7650132860938887,3.4278122232063772,0.0,0.0,0.31886625332152346,1.195748449955713,0.2391496899911426,0.0,0.6377325066430469,6.536758193091231,5.0221434898139945,1.2754650132860939,7.812223206377325,0.07971656333038087,0.0,0.0,0.0,0.07971656333038087
Noussair,Mazraoui,3.0,Brighton,Away,865.0,0.015606936416184972,0.03433526011560695,0.04994219653179192,1.2339884393063585,4.616531791907515,4.473988439306359,0.0,0.0,0.4161849710982659,0.9364161849710984,0.6242774566473989,0.0,0.20809248554913296,5.514450867052023,3.8497109826589595,2.4971098265895955,8.011560693641618,0.0,0.0,0.0,0.10404624277456648,0.0
Diogo,Dalot Teixeira,1.5,Brighton,Away,2579.0,0.06665374176037224,0.08933695230709576,0.15599069406746802,1.2489724699495932,3.8170608763086467,3.8386971694455214,0.03489724699495929,0.20938348196975573,0.244280728964715,1.326095385808453,0.3140752229546336,0.0,0.20938348196975573,4.362155874369911,4.606436603334626,1.7448623497479643,6.107018224117875,0.0,0.0,0.0,0.17448623497479643,0.0
Patrick,Dorgu,0.8,Brighton,Away,1326.0,0.1262443438914027,0.10045248868778282,0.22669683257918555,1.2122171945701359,4.878733031674208,4.95475113122172,0.20361990950226244,0.20361990950226244,0.20361990950226244,1.2217194570135748,0.5429864253393666,0.0,0.13574660633484165,3.257918552036199,4.8190045248868785,3.054298642533937,6.312217194570136,0.0,0.0,0.0,0.2714932126696833,0.0
Harry,Maguire,5.2,Brighton,Away,1541.0,0.059571706683971444,0.023945489941596367,0.08351719662556781,1.2679428942245294,4.244192083062945,4.730694354315379,0.05840363400389357,0.11680726800778714,0.3504218040233614,1.1680726800778714,0.29201817001946784,0.0,0.9344581440622971,6.950032446463335,3.504218040233614,1.226476314081765,8.1765087605451,0.0,0.0,0.0,0.1752109020116807,0.05840363400389357
Luke,Shaw,4.8,Brighton,Away,3139.0,0.019783370500159287,0.0567696718700223,0.07655304237018158,1.2712965912711056,3.107996177126473,3.0678560050971644,0.02867155144950621,0.02867155144950621,0.2580439630455559,1.2902198152277795,0.08601465434851863,0.0,0.2867155144950621,4.157374960178401,2.9531697992991397,2.093023255813953,6.2503982159923535,0.0,0.0,0.0,0.2580439630455559,0.0
Leny,Yoro,0.5,Brighton,Away,1637.0,0.07367135003054366,0.032437385461209535,0.1061087354917532,1.3931582162492364,3.9941967012828345,2.6939523518631643,0.0,0.05497861942577886,0.10995723885155773,1.594379963347587,0.05497861942577886,0.0,0.3298717165546732,6.4324984728161265,3.9034819792302993,1.5394013439218082,7.971899816737935,0.0,0.0,0.0,0.05497861942577886,0.0
Ayden,Heaven,0.8,Brighton,Away,902.0,0.033924611973392464,0.017960088691796012,0.05188470066518848,1.1783813747228382,4.4241685144124165,3.7915742793791574,0.0,0.09977827050997783,0.19955654101995565,1.4966740576496673,0.29933481152993346,0.0,0.9977827050997783,6.685144124168515,3.592017738359202,2.1951219512195124,8.880266075388027,0.09977827050997783,0.0,0.0,0.09977827050997783,0.0
Lewis,Hall,1.0,Fulham,Away,2058.0,0.04329446064139942,0.11457725947521864,0.15787172011661807,1.4606413994169098,3.407580174927113,3.323615160349854,0.043731778425655975,0.08746355685131195,0.1749271137026239,1.4868804664723032,0.1749271137026239,0.0,0.43731778425655976,4.591836734693877,5.466472303206997,2.186588921282799,6.778425655976676,0.0,0.0,0.0,0.1749271137026239,0.0
Fabian,Schär,0.0,Fulham,Away,1087.0,0.08031278748850047,0.049678012879484826,0.1299908003679853,1.131830726770929,4.674701011959522,4.0570377184912605,0.0,0.0,0.3311867525298988,0.9935602575896965,0.0,0.0,0.9935602575896965,8.27966881324747,3.4774609015639375,1.1591536338546458,9.438822447102115,0.0,0.0,0.0,0.0827966881324747,0.0
Sven,Botman,4.0,Fulham,Away,1729.0,0.09005205320994795,0.044765760555234235,0.1348178137651822,1.3315211104684792,4.593175245806823,4.320416425679583,0.05205320994794679,0.05205320994794679,0.26026604973973394,1.3013302486986698,0.3123192596876807,0.0,1.0410641989589358,9.421631000578369,4.580682475419318,1.0410641989589358,10.462695199537304,0.05205320994794679,0.0,0.0,0.10410641989589357,0.0
Dan,Burn,3.2,Fulham,Away,2065.0,0.02920096852300242,0.015690072639225183,0.0448910411622276,1.178498789346247,3.569491525423729,3.835351089588378,0.04358353510895884,0.13075060532687652,0.26150121065375304,1.4382566585956418,0.21791767554479421,0.0,0.8716707021791769,7.627118644067797,3.1380145278450366,1.5690072639225183,9.196125907990316,0.0,0.0,0.0,0.3922518159806296,0.04358353510895884
Tino,Livramento,0.0,Fulham,Away,1326.0,0.008823529411764707,0.06040723981900454,0.06923076923076925,1.2638009049773755,3.4866515837104077,4.004524886877828,0.0,0.06787330316742082,0.4072398190045249,0.9502262443438915,0.20361990950226244,0.0,0.13574660633484165,3.1221719457013575,5.497737556561086,1.493212669683258,4.615384615384616,0.0,0.0,0.0,0.06787330316742082,0.0
Kieran,Trippier,0.8,Fulham,Away,1585.0,0.004542586750788643,0.11697160883280758,0.12151419558359622,1.208328075709779,3.42397476340694,3.0094637223974763,0.0,0.056782334384858045,0.28391167192429023,1.5331230283911672,0.11356466876971609,0.0,0.11356466876971609,3.2365930599369084,4.201892744479496,1.362776025236593,4.599369085173501,0.0,0.0,0.0,0.17034700315457413,0.0
Malick,Thiaw,2.0,Fulham,Away,2864.0,0.15083798882681562,0.029853351955307268,0.1806913407821229,1.4778980446927374,4.187325418994413,3.8966480446927374,0.12569832402234637,0.0,0.15712290502793297,1.539804469273743,0.3770949720670391,0.0,0.7541899441340782,7.604748603351955,3.519553072625698,1.3512569832402235,8.956005586592179,0.0,0.0,0.0,0.12569832402234637,0.0
Oleksandr,Zinchenko,0.0,Bournemouth,Home,343.0,0.018367346938775512,0.09446064139941693,0.11282798833819244,1.235860058309038,2.6501457725947524,1.5743440233236152,0.0,0.0,0.0,1.5743440233236152,0.0,0.0,0.0,3.4110787172011663,4.46064139941691,2.623906705539359,6.034985422740525,0.0,0.0,0.0,0.0,0.0
Nikola,Milenković,3.0,Bournemouth,Home,3285.0,0.022739726027397263,0.012876712328767125,0.03561643835616439,1.4802739726027399,2.7997260273972606,3.1506849315068495,0.0,0.0273972602739726,0.2465753424657534,1.36986301369863,0.0547945205479452,0.0,0.6575342465753424,7.4520547945205475,2.8219178082191783,0.7945205479452054,8.246575342465754,0.0273972602739726,0.0,0.0,0.1643835616438356,0.0
Murillo,Costa dos Santos,0.0,Bournemouth,Home,2130.0,0.03084507042253521,0.019859154929577464,0.05070422535211268,1.393943661971831,3.067183098591549,3.5070422535211265,0.04225352112676056,0.0,0.2535211267605634,1.2253521126760563,0.1267605633802817,0.0,0.8450704225352113,7.943661971830985,4.309859154929577,1.4788732394366197,9.422535211267606,0.08450704225352113,0.0,0.0,0.2112676056338028,0.0
Ola,Aina,2.2,Bournemouth,Home,1587.0,0.02325141776937618,0.04763705103969755,0.07088846880907373,1.4353497164461246,2.793572778827978,3.799621928166352,0.0,0.11342155009451796,0.3402646502835539,1.0775047258979207,0.2835538752362949,0.0,0.22684310018903592,5.614366729678639,4.593572778827977,1.7580340264650285,7.3724007561436675,0.0,0.0,0.0,0.17013232514177695,0.0
Neco,Williams,2.2,Bournemouth,Home,3113.0,0.0560873755220045,0.11333119177642144,0.16941856729842594,1.4574044330228078,3.235721169290074,3.642788307099261,0.05782203662062319,0.08673305493093479,0.26019916479280436,1.358817860584645,0.43366527465467397,0.0,0.23128814648249277,4.192097654995181,4.567940893029232,2.71763572116929,6.909733376164471,0.0,0.0,0.0,0.17346610986186958,0.028911018310311596
Jair,Paula da Cunha Filho,1.2,Bournemouth,Home,446.0,0.05448430493273543,0.002017937219730942,0.05650224215246637,1.7596412556053809,3.3921524663677127,2.0179372197309418,0.0,0.0,0.0,1.210762331838565,0.0,0.0,0.40358744394618834,6.6591928251121075,2.0179372197309418,1.6143497757847534,8.27354260089686,0.0,0.0,0.0,0.0,0.0
Felipe,Rodrigues da Silva,3.2,Bournemouth,Home,1241.0,0.09572925060435131,0.01087832393231265,0.10660757453666396,1.6179693795326349,3.412167606768735,3.190975020145044,0.072522159548751,0.0,0.145044319097502,1.595487510072522,0.072522159548751,0.0,0.870265914585012,7.034649476228847,3.698630136986301,1.958098307816277,8.992747784045124,0.0,0.0,0.0,0.36261079774375504,0.0
Zach,Abbott,0.2,Bournemouth,Home,165.0,0.0,0.005454545454545455,0.005454545454545455,1.8927272727272726,2.809090909090909,1.6363636363636365,0.0,0.0,0.0,2.181818181818182,0.0,0.0,0.0,4.909090909090909,5.454545454545455,2.181818181818182,7.090909090909091,0.0,0.0,0.0,0.0,0.0
Nicolò,Savona,0.0,Bournemouth,Home,1009.0,0.11952428146679883,0.03924677898909812,0.15877106045589695,1.3174430128840438,3.3252725470763136,3.389494549058474,0.178394449950446,0.0,0.267591674925669,1.516352824578791,0.0,0.0,0.0,3.300297324083251,2.319127849355798,1.694747274529237,4.995044598612488,0.0,0.0,0.0,0.178394449950446,0.0
Luca,Netz,2.0,Bournemouth,Home,312.0,0.0,0.014423076923076924,0.014423076923076924,2.2240384615384614,3.6663461538461535,2.5961538461538463,0.0,0.0,0.0,1.4423076923076923,0.0,0.0,0.5769230769230769,3.75,4.326923076923077,3.4615384615384612,7.211538461538462,0.0,0.0,0.0,0.0,0.0
Daniel,Ballard,-0.5,Chelsea,Home,2121.0,0.09886845827439887,0.01951909476661952,0.11838755304101839,1.3837340876944837,4.664214992927865,4.837340876944838,0.08486562942008487,0.08486562942008487,0.2545968882602546,1.4851485148514851,0.3818953323903819,0.0,1.272984441301273,9.58981612446959,2.927864214992928,1.4002828854314002,10.990099009900991,0.0,0.0,0.0,0.16973125884016974,0.042432814710042434
Trai,Hume,1.8,Chelsea,Home,2914.0,0.06455044612216884,0.05374056280027454,0.11829100892244337,1.426904598490048,2.8649279341111873,3.119423472889499,0.03088538091969801,0.03088538091969801,0.2779684282772821,1.2663006177076184,0.18531228551818804,0.0,0.12354152367879204,4.107755662319835,3.088538091969801,1.9148936170212765,6.0226492793411115,0.03088538091969801,0.0,0.0,0.24708304735758407,0.0
Dennis,Cirkin,0.0,Chelsea,Home,283.0,0.0,0.0063604240282685515,0.0063604240282685515,1.7809187279151943,2.0162544169611305,3.498233215547703,0.0,0.0,0.31802120141342755,0.6360424028268551,0.0,0.0,0.6360424028268551,5.088339222614841,2.2261484098939928,2.5441696113074204,7.6325088339222615,0.0,0.0,0.0,0.31802120141342755,0.0
Luke,O'Nien,1.0,Chelsea,Home,453.0,0.013907284768211922,0.023841059602649005,0.03774834437086093,1.4880794701986755,2.7615894039735096,3.576158940397351,0.0,0.0,0.3973509933774835,1.1920529801324504,0.0,0.0,0.3973509933774835,6.556291390728477,1.589403973509934,0.5960264900662252,7.152317880794702,0.0,0.0,0.0,0.19867549668874174,0.0
Reinildo,Mandava,3.2,Chelsea,Home,1875.0,0.006240000000000001,0.029280000000000007,0.03552000000000001,1.2379200000000001,3.1300800000000004,3.4560000000000004,0.0,0.096,0.28800000000000003,1.248,0.28800000000000003,0.0,0.384,5.760000000000001,4.032,1.6800000000000002,7.44,0.0,0.0,0.0,0.28800000000000003,0.048
Jenson,Seelt,0.0,Chelsea,Home,133.0,0.0,0.006766917293233083,0.006766917293233083,0.9,3.187218045112781,1.3533834586466165,0.0,0.0,0.0,1.3533834586466165,0.0,0.0,0.0,5.413533834586466,4.060150375939849,2.706766917293233,8.120300751879698,0.0,0.0,0.0,0.0,0.0
Arthur,Masuaku,0.0,Chelsea,Home,115.0,0.054782608695652185,0.06260869565217392,0.1173913043478261,1.44,1.455652173913044,0.0,0.0,0.0,0.0,1.565217391304348,0.0,0.0,0.0,3.130434782608696,2.347826086956522,3.130434782608696,6.260869565217392,0.0,0.0,0.0,0.782608695652174,0.0
Omar,Alderete,3.2,Chelsea,Home,2797.0,0.05212727922774401,0.029281372899535214,0.08140865212727923,1.432534858777261,3.59646049338577,4.022166607079013,0.0321773328566321,0.0321773328566321,0.321773328566321,1.287093314265284,0.1608866642831605,0.0,0.7722559885591705,9.00965319985699,3.3142652842331066,1.0296746514122272,10.039327851269217,0.0,0.0,0.0,0.19306399713979264,0.0
Nordi,Mukiele,4.8,Chelsea,Home,2683.0,0.0509877003354454,0.0768169959001118,0.1278046962355572,1.4699217294073799,3.708348863212822,4.897502795378308,0.10063361908311592,0.16772269847185986,0.30190085724934773,1.308237048080507,0.3689899366380917,0.0,0.8050689526649274,6.507640700708163,4.1259783824077525,2.247484159522922,8.755124860231085,0.033544539694371975,0.0,0.0,0.16772269847185986,0.0
Lutsharel,Geertruida,2.0,Chelsea,Home,1497.0,0.04749498997995992,0.03787575150300602,0.08537074148296595,1.6292585170340683,2.4907815631262524,2.705410821643287,0.0,0.0,0.18036072144288579,1.2024048096192386,0.0,0.0,0.2404809619238477,4.148296593186373,4.028056112224449,1.8637274549098197,6.012024048096192,0.0,0.0,0.0,0.06012024048096193,0.0
Pedro,Porro Sauceda,3.2,Everton,Home,2691.0,0.03311036789297659,0.14247491638795987,0.17558528428093645,1.2414715719063547,3.7551839464882946,3.578595317725753,0.033444816053511704,0.10033444816053512,0.26755852842809363,1.3377926421404682,0.20066889632107024,0.0,0.4682274247491639,4.5484949832775925,4.247491638795987,2.3745819397993313,6.923076923076923,0.0,0.0,0.0,0.3010033444816054,0.0
Cristian,Romero,0.0,Everton,Home,1869.0,0.06693418940609953,0.06019261637239166,0.1271268057784912,1.3637239165329054,3.6833065810593886,4.382022471910113,0.1926163723916533,0.048154093097913325,0.24077046548956663,1.5890850722311398,0.48154093097913325,0.0,0.8667736757624398,6.693418940609952,4.237560192616373,2.792937399678973,9.486356340288925,0.0,0.0,0.0,0.4333868378812199,0.09630818619582665
Kevin,Danso,3.5,Everton,Home,1351.0,0.025980754996299038,0.017320503330866027,0.04330125832716507,1.2610658771280532,3.783863804589193,3.2642487046632125,0.0,0.0,0.1998519615099926,1.5988156920799408,0.06661732050333087,0.0,1.465581051073279,9.792746113989637,2.7313101406365656,1.6654330125832717,11.45817912657291,0.0,0.0,0.0,0.46632124352331605,0.0
Ben,Davies,0.0,Everton,Home,118.0,0.373728813559322,0.05338983050847458,0.4271186440677966,0.5949152542372882,8.41271186440678,7.627118644067797,0.7627118644067796,0.0,0.0,1.5254237288135593,0.7627118644067796,0.0,0.0,6.864406779661017,2.288135593220339,3.0508474576271185,9.915254237288135,0.0,0.0,0.0,0.0,0.0
Radu,Drăgușin,0.2,Everton,Home,507.0,0.04437869822485207,0.0017751479289940828,0.04615384615384615,2.103550295857988,2.7568047337278103,2.3076923076923075,0.0,0.0,0.0,2.3076923076923075,0.0,0.0,1.4201183431952662,11.36094674556213,2.130177514792899,0.8875739644970414,12.248520710059172,0.0,0.0,0.0,0.0,0.0
Djed,Spence,2.8,Everton,Home,1937.0,0.040887971089313364,0.08177594217862674,0.1226639132679401,1.4143520908621579,3.2914816726897267,3.1595250387196696,0.0,0.0,0.371708828084667,1.3939081053175013,0.13939081053175012,0.0,0.09292720702116675,3.29891584925142,4.878678368611254,1.8585441404233352,5.157459989674755,0.0,0.0,0.0,0.1858544140423335,0.0
Destiny,Udogie,1.0,Everton,Home,1191.0,0.010579345088161211,0.04760705289672544,0.05818639798488665,1.32544080604534,2.585138539042821,1.4357682619647356,0.0,0.07556675062972293,0.0,1.8891687657430731,0.0,0.0,0.0,2.5692695214105794,4.9118387909319905,1.9647355163727962,4.534005037783375,0.0,0.0,0.0,0.3022670025188917,0.0
Micky,van de Ven,2.5,Everton,Home,2951.0,0.08508980006777363,0.01158929176550322,0.09667909183327685,1.2986106404608608,3.2925787868519145,3.3547949847509315,0.12199254490003388,0.03049813622500847,0.24398508980006775,1.5249068112504234,0.3049813622500847,0.0,0.18298881735005082,5.123686885801423,3.5987800745509992,1.1589291765503218,6.282616062351745,0.0,0.0,0.0,0.27448322602507624,0.03049813622500847
João Victor,de Souza Menezes,0.0,Everton,Home,132.0,0.013636363636363637,0.0,0.013636363636363637,1.697727272727273,0.8999999999999999,1.3636363636363638,0.0,0.0,0.0,2.0454545454545454,0.0,0.0,0.0,4.090909090909091,2.0454545454545454,0.0,4.090909090909091,0.0,0.0,0.0,0.6818181818181819,0.0
El Hadji Malick,Diouf,1.2,Leeds,Home,2596.0,0.019761171032357475,0.08667180277349767,0.10643297380585515,1.4543528505392913,2.8248073959938367,3.36286594761171,0.0,0.20801232665639444,0.2773497688751926,1.6294298921417565,0.10400616332819722,0.0,0.2773497688751926,5.200308166409862,4.090909090909091,1.421417565485362,6.621725731895223,0.0,0.0,0.0,0.20801232665639444,0.0
Maximilian,Kilman,0.0,Leeds,Home,1554.0,0.032432432432432434,0.01447876447876448,0.04691119691119691,1.9030888030888031,2.5175675675675677,1.9111969111969114,0.0,0.0,0.05791505791505792,2.142857142857143,0.0,0.0,0.694980694980695,8.33976833976834,2.4324324324324325,0.9266409266409267,9.266409266409267,0.0,0.0,0.0,0.23166023166023167,0.0
Konstantinos,Mavropanos,2.5,Leeds,Home,2430.0,0.09148148148148147,0.02555555555555556,0.11703703703703702,1.441851851851852,4.056666666666666,4.148148148148148,0.1111111111111111,0.0,0.18518518518518517,1.6296296296296295,0.18518518518518517,0.0,1.2592592592592593,9.666666666666666,3.6296296296296298,1.4074074074074074,11.074074074074074,0.07407407407407407,0.0,0.0,0.07407407407407407,0.0
Nayef,Aguerd,0.0,Leeds,Home,180.0,0.05,0.015,0.065,1.7100000000000002,3.485,1.5,0.0,0.0,0.0,4.0,0.0,0.0,1.0,7.0,4.0,0.5,7.5,0.0,0.0,0.0,0.0,0.0
Ollie,Scarles,0.0,Leeds,Home,624.0,0.025961538461538463,0.04471153846153847,0.07067307692307694,1.7495192307692309,3.486057692307692,2.7403846153846154,0.0,0.14423076923076922,0.0,2.019230769230769,0.0,0.0,0.5769230769230769,5.480769230769231,4.759615384615384,3.894230769230769,9.375,0.0,0.0,0.0,0.0,0.0
Jean-Clair,Todibo,0.5,Leeds,Home,1816.0,0.012389867841409693,0.01585903083700441,0.028248898678414104,1.669162995594714,2.5047356828193834,2.2301762114537445,0.0,0.04955947136563877,0.04955947136563877,1.8337004405286343,0.04955947136563877,0.0,0.7929515418502203,6.294052863436123,4.4107929515418505,1.8337004405286343,8.127753303964758,0.0,0.0,0.0,0.24779735682819384,0.04955947136563877
Aaron,Wan-Bissaka,1.0,Leeds,Home,2080.0,0.0,0.04326923076923077,0.04326923076923077,1.5334615384615384,2.9630769230769234,2.8990384615384617,0.0,0.12980769230769232,0.12980769230769232,1.8605769230769231,0.0,0.0,0.6923076923076923,6.100961538461538,3.245192307692308,1.4278846153846154,7.528846153846154,0.0,0.0,0.0,0.17307692307692307,0.0
Kyle,Walker-Peters,0.8,Leeds,Home,1226.0,0.009543230016313214,0.02642740619902121,0.035970636215334424,1.8168841761827081,2.1831973898858075,2.495921696574225,0.0,0.0,0.2202283849918434,1.6884176182707995,0.0,0.0,0.2936378466557912,3.303425774877651,3.5970636215334424,3.0831973898858074,6.386623164763459,0.0,0.0,0.0,0.1468189233278956,0.0
Ezra,Mayers,0.0,Leeds,Home,98.0,0.0,0.40408163265306124,0.40408163265306124,2.0112244897959184,4.224489795918368,2.7551020408163267,0.0,0.0,0.0,1.8367346938775513,0.0,0.0,0.0,1.8367346938775513,5.510204081632653,0.0,1.8367346938775513,0.0,0.0,0.0,0.0,0.0
Axel,Disasi,1.8,Leeds,Home,1164.0,0.08505154639175258,0.0015463917525773195,0.0865979381443299,1.3105670103092784,3.010824742268041,3.324742268041237,0.0,0.0,0.3865979381443299,1.3144329896907216,0.07731958762886598,0.0,0.30927835051546393,5.56701030927835,2.2422680412371134,1.0824742268041236,6.649484536082474,0.07731958762886598,0.0,0.0,0.07731958762886598,0.0
Emmanuel,Agbadou,0.0,Burnley,Away,1100.0,0.04663636363636364,0.03272727272727273,0.07936363636363637,1.494,3.5165454545454544,1.8818181818181818,0.0,0.0,0.0,2.372727272727273,0.0,0.0,0.9818181818181819,7.609090909090909,5.318181818181818,2.618181818181818,10.227272727272728,0.0,0.0,0.0,0.08181818181818182,0.08181818181818182
Matt,Doherty,0.5,Burnley,Away,786.0,0.010305343511450384,0.0217557251908397,0.032061068702290085,1.6179389312977102,1.7759541984732827,1.603053435114504,0.0,0.0,0.11450381679389314,1.717557251908397,0.0,0.0,0.0,5.725190839694657,3.206106870229008,1.8320610687022902,7.557251908396947,0.0,0.0,0.0,0.45801526717557256,0.0
Hugo,Bueno López,2.2,Burnley,Away,2274.0,0.030870712401055406,0.13614775725593667,0.16701846965699207,1.490501319261214,3.2073878627968337,3.007915567282322,0.0395778364116095,0.1187335092348285,0.158311345646438,1.6226912928759896,0.158311345646438,0.0,0.237467018469657,4.155672823218998,4.3931398416886545,2.4142480211081794,6.569920844327177,0.0,0.0,0.0,0.1187335092348285,0.0
Yerson,Mosquera Valdelamar,1.8,Burnley,Away,2046.0,0.1002932551319648,0.025953079178885632,0.12624633431085042,1.5589442815249268,3.2379765395894426,2.5073313782991202,0.0,0.0,0.1759530791788856,1.715542521994135,0.13196480938416422,0.0,0.7917888563049853,6.510263929618768,3.8709677419354835,2.5073313782991202,9.017595307917889,0.0879765395894428,0.0,0.0,0.48387096774193544,0.0
Rodrigo,Martins Gomes,2.5,Burnley,Away,807.0,0.16951672862453535,0.041263940520446095,0.21078066914498145,1.2970260223048329,4.919330855018587,3.1226765799256504,0.11152416356877323,0.0,0.11152416356877323,1.6728624535315986,0.0,0.0,0.0,2.3420074349442377,3.1226765799256504,1.8959107806691449,4.237918215613383,0.0,0.0,0.0,0.0,0.0
Santiago,Ignacio Bueno,3.8,Burnley,Away,2462.0,0.07201462225832657,0.053005686433793664,0.12502030869212022,1.562388302193339,3.1046709991876527,3.290008123476848,0.10966693744922827,0.07311129163281885,0.1462225832656377,1.6815597075548336,0.1462225832656377,0.0,0.36555645816409427,5.73923639317628,2.3761169780666127,1.8643379366368806,7.60357432981316,0.0,0.0,0.0,0.1462225832656377,0.0
Toti,Gomes,2.2,Burnley,Away,1398.0,0.03412017167381975,0.018669527896995712,0.05278969957081546,1.606223175965665,3.268454935622317,2.5107296137339055,0.0,0.0,0.06437768240343347,2.060085836909871,0.0,0.0,1.0300429184549356,7.660944206008584,3.347639484978541,1.48068669527897,9.141630901287554,0.0,0.0,0.0,0.06437768240343347,0.06437768240343347
Ki-Jana,Hoever,0.0,Burnley,Away,414.0,0.004347826086956522,0.0782608695652174,0.08260869565217392,2.0347826086956524,3.582608695652174,1.956521739130435,0.0,0.0,0.0,2.8260869565217392,0.0,0.0,0.4347826086956522,5.6521739130434785,3.0434782608695654,2.608695652173913,8.260869565217392,0.0,0.0,0.0,0.0,0.0
Pedro,Cardoso de Lima,1.2,Burnley,Away,241.0,0.011203319502074689,0.13817427385892117,0.14937759336099585,1.2921161825726142,3.0659751037344405,1.8672199170124482,0.0,0.0,0.0,1.8672199170124482,0.0,0.0,0.0,3.7344398340248963,3.3609958506224067,2.6141078838174274,6.348547717842324,0.0,0.0,0.0,0.0,0.0
David,Møller Wolfe,1.0,Burnley,Away,931.0,0.012567132116004296,0.08603651987110635,0.09860365198711064,1.7671321160042965,2.274650912996777,2.2234156820622983,0.0,0.09667024704618689,0.09667024704618689,1.8367346938775508,0.0,0.0,0.0,3.0934479054779804,2.1267454350161117,0.870032223415682,3.9634801288936625,0.0,0.0,0.0,0.09667024704618689,0.0
Jackson,Tchatchoua,0.2,Burnley,Away,1785.0,0.003529411764705883,0.07512605042016807,0.07865546218487394,1.5191596638655462,2.7534453781512602,2.319327731092437,0.0,0.05042016806722689,0.1512605042016807,1.7647058823529413,0.0,0.0,0.20168067226890757,3.9327731092436977,2.92436974789916,1.411764705882353,5.344537815126051,0.0,0.0,0.0,0.1512605042016807,0.0
Ladislav,Krejcí,0.5,Burnley,Away,2291.0,0.08524661719773025,0.05853339153208207,0.1437800087298123,1.5607594936708862,2.8587079877782626,2.4356176342208644,0.0785683107813182,0.0392841553906591,0.1178524661719773,1.7677869925796594,0.0,0.0,0.2357049323439546,6.206896551724138,2.9463116542994325,1.2570929725010913,7.463989524225229,0.0392841553906591,0.0,0.0,0.1178524661719773,0.0392841553906591
