No., BCV ,Position,Player,Team, Price , Weighted minutes , Weighted UPPM , PPG - longer term ,Fixture ratio,1,2,3,4,5,6,7,8,Sum
1, 0.08 ,M,Fábio Vieira,ARS, 5.5 , -   , 0.056 , -   ,98%, -   , -   , -   , -   , -   , -   , -   , -   , -   
2, 0.46 ,M,Saka,ARS, 10.0 , 79.31 , 0.073 , 5.91 ,98%, 5.52 , 7.30 , 4.30 , 6.12 , 5.13 , 5.05 , 6.47 , 5.36 , 45.26 
3, 0.12 ,M,Merino,ARS, 6.0 , 24.23 , 0.053 , 1.38 ,98%, 1.25 , 1.67 , 0.96 , 1.34 , 1.10 , 1.05 , 1.31 , 1.06 , 9.75 
4, 0.14 ,M,Norgaard,ARS, 4.8 , 19.23 , 0.052 , 1.09 ,98%, 0.99 , 1.31 , 0.75 , 1.03 , 0.84 , 0.80 , 0.98 , 0.78 , 7.49 
5, 0.11 ,M,Trossard,ARS, 7.0 , 22.37 , 0.059 , 1.53 ,98%, 0.96 , 1.85 , 1.07 , 1.49 , 1.21 , 1.17 , 1.45 , 1.17 , 10.38 
6, 0.20 ,M,Martinelli,ARS, 7.0 , 46.09 , 0.058 , 2.67 ,98%, 2.84 , 3.28 , 1.91 , 2.71 , 2.25 , 2.19 , 2.78 , 2.29 , 20.25 
7, 0.35 ,M,Odegaard,ARS, 8.0 , 76.31 , 0.055 , 4.26 ,98%, 3.99 , 5.27 , 3.10 , 4.41 , 3.69 , 3.64 , 4.65 , 3.86 , 32.60 
8, 0.11 ,M,Nwaneri,ARS, 5.5 , 12.23 , 0.051 , 0.72 ,98%, 0.65 , 0.85 , 0.47 , 0.64 , 0.50 , 0.46 , 0.55 , 0.42 , 4.54 
9, 0.40 ,M,Rice,ARS, 6.5 , 79.70 , 0.050 , 4.07 ,98%, 3.78 , 5.03 , 2.96 , 4.22 , 3.54 , 3.48 , 4.46 , 3.70 , 31.17 
10, 0.13 ,M,Madueke,ARS, 7.0 , 27.91 , 0.063 , 2.03 ,98%, 1.26 , 2.47 , 1.43 , 2.00 , 1.65 , 1.60 , 2.00 , 1.63 , 14.04 
11, 0.25 ,M,Zubimendi,ARS, 5.5 , 69.39 , 0.039 , 2.75 ,98%, 2.66 , 3.39 , 1.99 , 2.83 , 2.37 , 2.33 , 2.97 , 2.46 , 21.00 
12, (1.00),M,0,ARS, 100.0 , -   , -   , -   ,98%, -   , -   , -   , -   , -   , -   , -   , -   , -   
13, (1.00),M,0,ARS, 100.0 , -   , -   , -   ,98%, -   , -   , -   , -   , -   , -   , -   , -   , -   
14, (1.00),M,0,ARS, 100.0 , -   , -   , -   ,98%, -   , -   , -   , -   , -   , -   , -   , -   , -   
15, (1.00),M,0,AVL, 100.0 , -   , -   , -   ,105%, -   , -   , -   , -   , -   , -   , -   , -   , -   
16, 0.18 ,M,Guessand,AVL, 6.5 , 44.90 , 0.052 , 2.60 ,105%, 2.20 , 2.26 , 2.74 , 2.28 , 2.65 , 2.71 , 2.86 , 2.14 , 19.85 
17, 0.45 ,M,Tielemans,AVL, 6.0 , 81.20 , 0.048 , 3.93 ,105%, 4.27 , 3.83 , 4.20 , 3.52 , 4.12 , 4.25 , 4.51 , 3.40 , 32.10 
18, 0.17 ,M,Ramsey (Jacob),AVL, 5.5 , 46.93 , 0.040 , 1.92 ,105%, 2.16 , 1.86 , 2.02 , 1.68 , 1.95 , 2.00 , 2.11 , 1.58 , 15.36 
19, 0.25 ,M,Kamara,AVL, 5.0 , 77.31 , 0.032 , 2.49 ,105%, 2.72 , 2.42 , 2.66 , 2.22 , 2.60 , 2.68 , 2.85 , 2.15 , 20.32 
20, 0.20 ,M,McGinn,AVL, 5.5 , 59.23 , 0.039 , 2.36 ,105%, 2.50 , 2.29 , 2.51 , 2.09 , 2.44 , 2.50 , 2.65 , 1.99 , 18.97 
21, 0.10 ,M,Barkley,AVL, 5.0 , 3.57 , 0.050 , 0.40 ,105%, -   , 0.16 , 0.35 , 0.26 , 0.26 , 0.23 , 0.19 , 0.11 , 1.55 
22, 0.10 ,M,Bailey,AVL, 5.5 , 11.23 , 0.047 , 0.62 ,105%, 0.65 , 0.57 , 0.59 , 0.46 , 0.51 , 0.48 , 0.47 , 0.33 , 4.06 
23, 0.39 ,M,Rogers,AVL, 7.0 , 79.30 , 0.049 , 4.03 ,105%, 4.07 , 3.93 , 4.31 , 3.61 , 4.23 , 4.36 , 4.63 , 3.49 , 32.62 
24, (1.00),M,0,AVL, 100.0 , -   , -   , -   ,105%, -   , -   , -   , -   , -   , -   , -   , -   , -   
25, 0.15 ,M,Mvom Onana,AVL, 5.0 , 34.23 , 0.039 , 1.39 ,105%, 1.48 , 1.34 , 1.45 , 1.20 , 1.38 , 1.41 , 1.47 , 1.09 , 10.82 
26, 0.26 ,M,Malen,AVL, 5.5 , 41.77 , 0.063 , 2.76 ,105%, 2.79 , 2.66 , 2.90 , 2.40 , 2.79 , 2.84 , 2.99 , 2.23 , 21.60 
27, (1.00),M,0,AVL, 100.0 , -   , -   , -   ,105%, -   , -   , -   , -   , -   , -   , -   , -   , -   
28, 0.15 ,M,Scott,BOU, 5.0 , 37.86 , 0.033 , 1.27 ,98%, 1.12 , 1.42 , 1.13 , 1.28 , 1.23 , 1.22 , 1.26 , 1.01 , 9.67 
29, 0.42 ,M,Semenyo,BOU, 7.0 , 81.70 , 0.053 , 4.44 ,98%, 3.37 , 5.00 , 4.04 , 4.64 , 4.52 , 4.53 , 4.75 , 3.85 , 34.70 
30, 0.13 ,M,Brooks,BOU, 5.0 , 17.23 , 0.048 , 0.91 ,98%, 0.68 , 1.00 , 0.78 , 0.86 , 0.81 , 0.77 , 0.78 , 0.60 , 6.27 
31, 0.11 ,M,Sinisterra,BOU, 5.0 , 10.23 , 0.046 , 0.55 ,98%, 0.41 , 0.58 , 0.44 , 0.47 , 0.43 , 0.39 , 0.37 , 0.27 , 3.37 
32, 0.18 ,M,Christie,BOU, 5.0 , 36.53 , 0.043 , 2.55 ,98%, -   , 1.41 , 1.91 , 2.64 , 2.56 , 2.55 , 2.67 , 2.15 , 15.90 
33, 0.30 ,M,Kluivert,BOU, 7.0 , 54.42 , 0.058 , 4.11 ,98%, 1.07 , 3.23 , 3.73 , 4.27 , 4.16 , 4.15 , 4.35 , 3.52 , 28.48 
34, 0.20 ,M,Cook,BOU, 5.0 , 41.97 , 0.036 , 2.73 ,98%, -   , -   , 2.49 , 2.85 , 2.78 , 2.78 , 2.91 , 2.36 , 16.16 
35, 0.13 ,M,Dango Ouattara,BOU, 6.0 , 28.51 , 0.053 , 1.81 ,98%, 0.71 , 2.01 , 1.60 , 1.81 , 1.73 , 1.71 , 1.76 , 1.40 , 12.74 
36, 0.29 ,M,Tavernier,BOU, 5.5 , 62.23 , 0.047 , 3.01 ,98%, 2.24 , 3.39 , 2.73 , 3.12 , 3.03 , 3.03 , 3.16 , 2.56 , 23.26 
37, 0.19 ,M,Adams (Tyler),BOU, 5.0 , 52.75 , 0.035 , 1.04 ,98%, 1.97 , 2.99 , 1.55 , 1.21 , 0.98 , 0.96 , 0.99 , 0.78 , 11.44 
38, 0.15 ,M,Traore (Hamed),BOU, 4.5 , 22.75 , 0.049 , 0.88 ,98%, 1.45 , 1.35 , 0.74 , 0.82 , 0.77 , 0.73 , 0.73 , 0.56 , 7.16 
39, (1.00),M,0,BRE, 100.0 , -   , -   , -   ,100%, -   , -   , -   , -   , -   , -   , -   , -   , -   
40, (1.00),M,0,BRE, 100.0 , -   , -   , -   ,100%, -   , -   , -   , -   , -   , -   , -   , -   , -   
41, (1.00),M,0,BRE, 100.0 , -   , -   , -   ,100%, -   , -   , -   , -   , -   , -   , -   , -   , -   
42, 0.26 ,M,Carvalho,BRE, 5.0 , 48.76 , 0.052 , 2.22 ,100%, 3.04 , 2.97 , 2.33 , 2.10 , 2.00 , 2.11 , 1.78 , 1.93 , 18.27 
43, 0.17 ,M,Yarmolyuk,BRE, 5.0 , 52.55 , 0.031 , 1.62 ,100%, 1.75 , 1.70 , 1.71 , 1.55 , 1.48 , 1.57 , 1.33 , 1.45 , 12.55 
44, 0.18 ,M,Henderson (Jordan),BRE, 5.0 , 58.56 , 0.033 , 1.89 ,100%, 2.02 , 2.16 , 2.00 , 1.82 , 1.74 , 1.84 , 1.56 , 1.71 , 14.85 
45, 0.13 ,M,Milambo,BRE, 5.5 , 30.41 , 0.038 , 1.53 ,100%, 0.52 , 1.18 , 1.60 , 1.44 , 1.37 , 1.44 , 1.21 , 1.32 , 10.08 
46, 0.41 ,M,Schade,BRE, 7.0 , 71.97 , 0.058 , 4.52 ,100%, 3.03 , 4.76 , 4.83 , 4.41 , 4.23 , 4.50 , 3.83 , 4.21 , 33.78 
47, 0.38 ,M,Damsgaard,BRE, 6.0 , 78.68 , 0.046 , 3.60 ,100%, 3.48 , 3.90 , 3.85 , 3.51 , 3.37 , 3.59 , 3.05 , 3.35 , 28.10 
48, (1.00),M,0,BRE, 100.0 , -   , -   , -   ,100%, -   , -   , -   , -   , -   , -   , -   , -   , -   
49, 0.15 ,M,Jensen,BRE, 5.0 , 35.23 , 0.038 , 1.40 ,100%, 1.27 , 1.46 , 1.46 , 1.32 , 1.25 , 1.31 , 1.10 , 1.19 , 10.36 
50, 0.12 ,M,Janelt,BRE, 5.0 , 17.30 , 0.035 , 1.78 ,100%, -   , -   , 0.32 , 0.97 , 1.63 , 1.73 , 1.46 , 1.59 , 7.70 
51, (1.00),M,0,BRE, 100.0 , -   , -   , -   ,100%, -   , -   , -   , -   , -   , -   , -   , -   , -   
52, 0.33 ,M,Baleba,BRI, 5.0 , 79.13 , 0.038 , 3.25 ,98%, 3.01 , 2.96 , 2.88 , 2.93 , 3.36 , 2.67 , 3.00 , 3.22 , 24.03 
53, 0.18 ,M,Hinshelwood,BRI, 5.5 , 49.23 , 0.044 , 2.22 ,98%, 2.52 , 2.01 , 1.94 , 1.96 , 2.23 , 1.76 , 1.97 , 2.09 , 16.49 
54, 0.32 ,M,Minteh,BRI, 6.0 , 62.86 , 0.052 , 3.27 ,98%, 4.13 , 2.97 , 2.88 , 2.92 , 3.33 , 2.64 , 2.96 , 3.16 , 24.99 
55, 0.10 ,M,Buonanotte,BRI, 5.0 , 4.23 , 0.044 , 0.27 ,98%, 0.30 , 0.21 , 0.18 , 0.15 , 0.13 , 0.08 , 0.05 , 0.02 , 1.12 
56, 0.17 ,M,Ayari,BRI, 5.0 , 43.23 , 0.038 , 1.69 ,98%, 1.92 , 1.53 , 1.47 , 1.49 , 1.69 , 1.33 , 1.48 , 1.57 , 12.47 
57, 0.13 ,M,Gruda,BRI, 5.5 , 22.23 , 0.051 , 1.23 ,98%, 1.39 , 1.09 , 1.03 , 1.02 , 1.14 , 0.88 , 0.96 , 1.00 , 8.51 
58, 0.08 ,M,March,BRI, 6.0 , 7.04 , 0.048 , 0.87 ,98%, -   , -   , 0.32 , 0.70 , 0.76 , 0.58 , 0.62 , 0.63 , 3.62 
59, 0.43 ,M,Mitoma,BRI, 6.5 , 74.93 , 0.056 , 4.26 ,98%, 5.03 , 3.88 , 3.77 , 3.83 , 4.38 , 3.48 , 3.91 , 4.18 , 32.45 
60, 0.09 ,M,Milner,BRI, 5.0 , -   , 0.032 , -   ,98%, -   , -   , -   , -   , -   , -   , -   , -   , -   
61, 0.14 ,M,O’Riley,BRI, 5.5 , 27.23 , 0.047 , 1.37 ,98%, 1.56 , 1.23 , 1.17 , 1.17 , 1.31 , 1.02 , 1.12 , 1.17 , 9.74 
62, 0.15 ,M,Wieffer,BRI, 5.0 , 32.23 , 0.039 , 1.32 ,98%, 1.50 , 1.19 , 1.14 , 1.14 , 1.28 , 1.00 , 1.11 , 1.17 , 9.52 
63, 0.32 ,M,Rutter,BRI, 6.0 , 67.23 , 0.049 , 3.27 ,98%, 4.04 , 3.11 , 2.88 , 2.92 , 3.34 , 2.65 , 2.97 , 3.17 , 25.09 
64, 0.14 ,M,Gomez,BRI, 5.0 , 28.23 , 0.039 , 1.18 ,98%, 1.34 , 1.06 , 1.01 , 1.01 , 1.13 , 0.88 , 0.97 , 1.02 , 8.43 
65, 0.18 ,M,Edwards,BUR, 5.0 , 56.12 , 0.035 , 1.88 ,99%, 2.23 , 2.41 , 1.65 , 1.57 , 1.89 , 1.35 , 1.55 , 2.11 , 14.76 
66, 0.13 ,M,Koleosho,BUR, 5.0 , 27.23 , 0.032 , 0.94 ,99%, 0.87 , 1.14 , 0.80 , 0.75 , 0.89 , 0.63 , 0.71 , 0.94 , 6.72 
67, 0.16 ,M,Mejbri,BUR, 5.5 , 59.26 , 0.029 , 1.68 ,99%, 1.91 , 2.25 , 1.48 , 1.40 , 1.69 , 1.21 , 1.39 , 1.89 , 13.21 
68, 0.27 ,M,Anthony,BUR, 5.5 , 72.93 , 0.039 , 2.87 ,99%, 2.78 , 3.55 , 2.54 , 2.42 , 2.93 , 2.11 , 2.43 , 3.31 , 22.07 
69, 0.29 ,M,Cullen,BUR, 5.0 , 82.70 , 0.034 , 2.84 ,99%, 2.70 , 3.52 , 2.53 , 2.40 , 2.92 , 2.10 , 2.42 , 3.31 , 21.91 
70, 0.14 ,M,Laurent,BUR, 5.0 , 33.23 , 0.031 , 1.08 ,99%, 1.00 , 1.31 , 0.93 , 0.87 , 1.04 , 0.74 , 0.84 , 1.13 , 7.86 
71, 0.10 ,M,Tchaouna,BUR, 5.0 , 9.23 , 0.033 , 0.37 ,99%, 0.34 , 0.43 , 0.28 , 0.25 , 0.28 , 0.18 , 0.19 , 0.22 , 2.17 
72, 0.18 ,M,Ugochukwu,BUR, 5.0 , 64.21 , 0.028 , 1.93 ,99%, 1.45 , 2.39 , 1.71 , 1.62 , 1.96 , 1.41 , 1.62 , 2.21 , 14.37 
73, (1.00),M,0,BUR, 100.0 , -   , -   , -   ,99%, -   , -   , -   , -   , -   , -   , -   , -   , -   
74, (1.00),M,0,CHE, 100.0 , -   , -   , -   ,104%, -   , -   , -   , -   , -   , -   , -   , -   , -   
75, 0.32 ,M,Neto,CHE, 7.0 , 70.90 , 0.049 , 3.40 ,104%, 4.13 , 3.57 , 3.77 , 3.23 , 2.94 , 3.45 , 2.76 , 2.84 , 26.69 
76, (1.00),M,Chukwuemeka,CHE, 100.0 , -   , 0.038 , -   ,104%, -   , -   , -   , -   , -   , -   , -   , -   , -   
77, 0.09 ,M,Nkunku,CHE, 6.0 , 7.23 , 0.059 , 0.53 ,104%, 0.58 , 0.49 , 0.50 , 0.38 , 0.31 , 0.32 , 0.22 , 0.18 , 2.97 
78, 0.12 ,M,Estevao,CHE, 6.5 , 30.23 , 0.048 , 1.55 ,104%, 1.69 , 1.52 , 1.67 , 1.41 , 1.26 , 1.46 , 1.15 , 1.16 , 11.32 
79, 0.51 ,M,Palmer (Cole),CHE, 10.5 , 83.58 , 0.073 , 6.23 ,104%, 6.91 , 6.19 , 6.94 , 5.95 , 5.43 , 6.39 , 5.11 , 5.28 , 48.19 
80, 0.42 ,M,Fernández,CHE, 6.5 , 85.62 , 0.046 , 4.02 ,104%, 4.42 , 4.00 , 4.48 , 3.85 , 3.51 , 4.13 , 3.31 , 3.41 , 31.11 
81, 0.09 ,M,Mudryk,CHE, 5.0 , -   , 0.051 , -   ,104%, -   , -   , -   , -   , -   , -   , -   , -   , -   
82, 0.17 ,M,Gittens,CHE, 6.5 , 45.33 , 0.051 , 2.65 ,104%, 2.06 , 2.26 , 2.91 , 2.49 , 2.25 , 2.63 , 2.09 , 2.14 , 18.84 
83, 0.34 ,M,Moises Caicedo,CHE, 5.5 , 82.70 , 0.037 , 3.13 ,104%, 3.49 , 3.11 , 3.48 , 2.99 , 2.72 , 3.21 , 2.57 , 2.65 , 24.21 
84, 0.12 ,M,Lavia,CHE, 5.0 , 20.03 , 0.031 , 0.85 ,104%, 0.33 , 0.53 , 0.91 , 0.77 , 0.69 , 0.79 , 0.62 , 0.62 , 5.25 
85, (1.00),M,0,CHE, 100.0 , -   , -   , -   ,104%, -   , -   , -   , -   , -   , -   , -   , -   , -   
86, 0.10 ,M,Matheus França,CPL, 4.5 , -   , 0.050 , -   ,99%, -   , -   , -   , -   , -   , -   , -   , -   , -   
87, 0.14 ,M,Kamada,CPL, 5.0 , 26.92 , 0.037 , 1.46 ,99%, -   , 1.14 , 1.27 , 1.72 , 1.35 , 1.14 , 1.18 , 1.37 , 9.17 
88, (1.00),M,0,CPL, 100.0 , -   , -   , -   ,99%, -   , -   , -   , -   , -   , -   , -   , -   , -   
89, 0.16 ,M,Lerma,CPL, 5.0 , 43.23 , 0.035 , 1.57 ,99%, 1.35 , 1.65 , 1.37 , 1.86 , 1.46 , 1.24 , 1.29 , 1.49 , 11.71 
90, 0.42 ,M,Eze,CPL, 7.5 , 75.70 , 0.060 , 4.74 ,99%, 3.87 , 4.81 , 4.19 , 5.74 , 4.56 , 3.91 , 4.10 , 4.78 , 35.97 
91, 0.26 ,M,Wharton,CPL, 5.0 , 65.23 , 0.040 , 2.70 ,99%, 2.32 , 2.85 , 2.38 , 3.25 , 2.58 , 2.21 , 2.31 , 2.69 , 20.58 
92, 0.11 ,M,Esse,CPL, 5.0 , 11.23 , 0.043 , 0.57 ,99%, 0.49 , 0.57 , 0.45 , 0.58 , 0.43 , 0.34 , 0.33 , 0.35 , 3.52 
93, 0.15 ,M,Hughes,CPL, 5.0 , 37.23 , 0.034 , 1.31 ,99%, 1.13 , 1.37 , 1.13 , 1.53 , 1.20 , 1.02 , 1.06 , 1.22 , 9.66 
94, 0.47 ,M,Ismaila Sarr,CPL, 6.5 , 80.82 , 0.055 , 4.41 ,99%, 4.01 , 4.83 , 4.05 , 5.55 , 4.24 , 3.64 , 3.81 , 4.45 , 34.59 
95, 0.22 ,M,Grealish,EVE, 6.5 , 62.10 , 0.043 , 2.96 ,103%, 2.44 , 2.83 , 2.83 , 3.04 , 2.10 , 3.25 , 3.01 , 2.11 , 21.61 
96, 0.22 ,M,Garner,EVE, 5.0 , 69.23 , 0.033 , 2.35 ,103%, 2.52 , 2.50 , 2.25 , 2.41 , 1.67 , 2.58 , 2.39 , 1.68 , 17.99 
97, 0.18 ,M,Alcaraz,EVE, 5.5 , 49.23 , 0.044 , 2.25 ,103%, 2.41 , 2.39 , 2.13 , 2.28 , 1.57 , 2.41 , 2.22 , 1.55 , 16.96 
98, 0.34 ,M,Gueye,EVE, 5.5 , 84.73 , 0.036 , 3.15 ,103%, 3.38 , 3.36 , 3.03 , 3.26 , 2.25 , 3.49 , 3.24 , 2.28 , 24.29 
99, 0.24 ,M,McNeil,EVE, 6.0 , 53.23 , 0.050 , 2.76 ,103%, 2.96 , 2.93 , 2.62 , 2.81 , 1.93 , 2.98 , 2.75 , 1.92 , 20.89 
100, 0.37 ,M,Dewsbury-Hall,EVE, 5.0 , 67.23 , 0.046 , 3.15 ,103%, 3.38 , 3.36 , 3.01 , 3.23 , 2.23 , 3.45 , 3.20 , 2.24 , 24.10 
101, 0.10 ,M,Iroegbunam,EVE, 5.0 , 6.23 , 0.029 , 0.24 ,103%, 0.25 , 0.23 , 0.18 , 0.17 , 0.10 , 0.14 , 0.10 , 0.05 , 1.24 
102, 0.28 ,M,Ndiaye,EVE, 6.5 , 70.23 , 0.044 , 3.16 ,103%, 3.38 , 3.36 , 3.02 , 3.25 , 2.24 , 3.47 , 3.21 , 2.26 , 24.20 
103, 0.35 ,M,Iwobi,FUL, 6.5 , 75.16 , 0.048 , 3.61 ,101%, 3.48 , 3.75 , 3.04 , 4.36 , 4.01 , 3.09 , 3.14 , 2.72 , 27.60 
104, 0.18 ,M,Pereira,FUL, 5.5 , 49.23 , 0.044 , 2.22 ,101%, 2.03 , 2.29 , 1.85 , 2.64 , 2.41 , 1.85 , 1.86 , 1.61 , 16.55 
105, 0.10 ,M,Cairney,FUL, 5.0 , 9.23 , 0.041 , 0.45 ,101%, 0.41 , 0.44 , 0.33 , 0.44 , 0.37 , 0.26 , 0.24 , 0.18 , 2.66 
106, 0.28 ,M,Wilson (Harry),FUL, 5.5 , 57.79 , 0.049 , 2.63 ,101%, 3.17 , 3.12 , 2.20 , 3.13 , 2.87 , 2.20 , 2.22 , 1.92 , 20.82 
107, 0.22 ,M,Lukic,FUL, 5.0 , 75.16 , 0.031 , 2.37 ,101%, 2.29 , 2.46 , 2.00 , 2.87 , 2.64 , 2.03 , 2.06 , 1.79 , 18.13 
108, 0.16 ,M,Ryan Sessegnon,FUL, 5.5 , 35.25 , 0.051 , 1.80 ,101%, 1.65 , 2.38 , 1.48 , 2.09 , 1.89 , 1.44 , 1.44 , 1.23 , 13.59 
109, 0.16 ,M,Smith-Rowe,FUL, 6.0 , 44.86 , 0.046 , 2.08 ,101%, 2.21 , 2.15 , 1.73 , 2.46 , 2.24 , 1.71 , 1.72 , 1.48 , 15.71 
110, 0.14 ,M,Traoré (Adama),FUL, 5.5 , 28.23 , 0.050 , 1.49 ,101%, 1.36 , 1.52 , 1.21 , 1.71 , 1.54 , 1.16 , 1.16 , 0.98 , 10.65 
111, 0.21 ,M,Berge,FUL, 5.0 , 69.23 , 0.032 , 2.25 ,101%, 2.07 , 2.34 , 1.90 , 2.72 , 2.50 , 1.92 , 1.95 , 1.69 , 17.08 
112, 0.16 ,M,King,FUL, 4.5 , 28.23 , 0.040 , 1.20 ,101%, 1.10 , 1.23 , 0.98 , 1.38 , 1.24 , 0.94 , 0.93 , 0.79 , 8.59 
113, (1.00),M,0,LEE, 100.0 , -   , -   , -   ,97%, -   , -   , -   , -   , -   , -   , -   , -   , -   
114, 0.22 ,M,Stach,LEE, 5.0 , 69.93 , 0.034 , 2.40 ,97%, 2.71 , 1.63 , 2.49 , 2.26 , 2.24 , 2.46 , 2.40 , 2.31 , 18.51 
115, 0.18 ,M,Ampadu,LEE, 5.0 , 62.23 , 0.030 , 1.93 ,97%, 2.09 , 1.31 , 1.99 , 1.81 , 1.80 , 1.97 , 1.92 , 1.84 , 14.72 
116, 0.23 ,M,Tanaka,LEE, 5.0 , 64.23 , 0.038 , 2.50 ,97%, 2.70 , 1.69 , 2.58 , 2.35 , 2.33 , 2.55 , 2.49 , 2.39 , 19.09 
117, 0.21 ,M,Gnonto,LEE, 5.5 , 55.23 , 0.044 , 2.51 ,97%, 2.71 , 1.70 , 2.58 , 2.34 , 2.31 , 2.53 , 2.46 , 2.36 , 19.00 
118, 0.12 ,M,Harrison (Jack),LEE, 5.5 , 22.23 , 0.041 , 0.97 ,97%, 1.05 , 0.65 , 0.96 , 0.85 , 0.83 , 0.88 , 0.84 , 0.78 , 6.83 
119, 0.19 ,M,Longstaff (Sean),LEE, 5.0 , 62.23 , 0.034 , 2.19 ,97%, 2.37 , 1.48 , 2.26 , 2.06 , 2.04 , 2.23 , 2.18 , 2.08 , 16.71 
120, 0.13 ,M,Aaronson,LEE, 5.5 , 31.37 , 0.039 , 1.36 ,97%, 1.13 , 0.91 , 1.37 , 1.23 , 1.21 , 1.31 , 1.26 , 1.19 , 9.61 
121, 0.36 ,M,James (Daniel),LEE, 5.5 , 67.23 , 0.050 , 3.46 ,97%, 3.74 , 2.35 , 3.58 , 3.26 , 3.23 , 3.55 , 3.46 , 3.32 , 26.47 
122, (1.00),M,0,LEE, 100.0 , -   , -   , -   ,97%, -   , -   , -   , -   , -   , -   , -   , -   , -   
123, (1.00),M,0,LEE, 100.0 , -   , -   , -   ,97%, -   , -   , -   , -   , -   , -   , -   , -   , -   
124, (1.00),M,0,LIV, 100.0 , -   , -   , -   ,97%, -   , -   , -   , -   , -   , -   , -   , -   , -   
125, 0.12 ,M,Elliott,LIV, 5.5 , 18.23 , 0.055 , 1.11 ,97%, 1.20 , 0.95 , 0.83 , 1.01 , 1.00 , 0.82 , 0.72 , 0.84 , 7.39 
126, 0.10 ,M,Endo,LIV, 5.0 , 11.16 , 0.034 , 0.41 ,97%, 0.60 , 0.35 , 0.29 , 0.34 , 0.33 , 0.26 , 0.21 , 0.23 , 2.61 
127, 0.35 ,M,Mac Allister,LIV, 6.5 , 75.23 , 0.049 , 3.79 ,97%, 4.12 , 3.37 , 3.02 , 3.83 , 3.93 , 3.34 , 3.06 , 3.69 , 28.36 
128, 0.25 ,M,Szoboszlai,LIV, 6.5 , 55.62 , 0.054 , 3.01 ,97%, 3.63 , 2.67 , 2.38 , 3.01 , 3.07 , 2.60 , 2.37 , 2.85 , 22.57 
129, 0.17 ,M,Jones,LIV, 5.5 , 43.86 , 0.043 , 1.78 ,97%, 2.54 , 1.88 , 1.39 , 1.74 , 1.77 , 1.49 , 1.35 , 1.61 , 13.77 
130, 0.18 ,M,Gravenberch,LIV, 5.5 , 55.80 , 0.036 , 2.68 ,97%, -   , 2.39 , 2.14 , 2.71 , 2.78 , 2.36 , 2.16 , 2.61 , 17.14 
131, 0.35 ,M,Gakpo,LIV, 7.5 , 65.70 , 0.062 , 4.18 ,97%, 4.68 , 3.71 , 3.32 , 4.20 , 4.30 , 3.65 , 3.34 , 4.02 , 31.23 
132, 0.09 ,M,Chiesa,LIV, 6.5 , 10.23 , 0.052 , 0.62 ,97%, 0.67 , 0.52 , 0.44 , 0.52 , 0.49 , 0.38 , 0.32 , 0.35 , 3.70 
133, 0.43 ,M,Wirtz,LIV, 8.5 , 79.81 , 0.064 , 5.18 ,97%, 5.80 , 4.61 , 4.13 , 5.24 , 5.38 , 4.58 , 4.20 , 5.06 , 38.99 
134, 0.46 ,M,Salah,LIV, 14.5 , 83.70 , 0.087 , 7.39 ,97%, 8.23 , 6.58 , 5.91 , 7.49 , 7.69 , 6.55 , 6.01 , 7.25 , 55.70 
135, (1.00),M,0,LIV, 100.0 , -   , -   , -   ,97%, -   , -   , -   , -   , -   , -   , -   , -   , -   
136, (1.00),M,0,LIV, 100.0 , -   , -   , -   ,97%, -   , -   , -   , -   , -   , -   , -   , -   , -   
137, (1.00),M,0,LIV, 100.0 , -   , -   , -   ,97%, -   , -   , -   , -   , -   , -   , -   , -   , -   
138, 0.09 ,M,Savinho,MCI, 7.0 , 12.41 , 0.059 , 1.72 ,98%, -   , -   , 0.73 , 1.65 , 1.05 , 1.80 , 1.41 , 1.50 , 8.14 
139, (1.00),M,Grealish,MCI, 100.0 , -   , 0.050 , -   ,98%, -   , -   , -   , -   , -   , -   , -   , -   , -   
140, 0.07 ,M,Kovacic,MCI, 6.0 , 0.69 , 0.043 , 1.08 ,98%, -   , -   , -   , -   , -   , -   , 0.31 , 0.91 , 1.22 
141, 0.39 ,M,Omar Marmoush,MCI, 8.5 , 66.22 , 0.071 , 4.53 ,98%, 5.06 , 5.26 , 4.31 , 4.58 , 2.95 , 5.18 , 4.12 , 4.47 , 35.93 
142, 0.24 ,M,Rodri,MCI, 6.5 , 51.12 , 0.051 , 4.25 ,98%, 0.75 , 1.88 , 2.74 , 4.07 , 2.80 , 4.93 , 3.94 , 4.29 , 25.41 
143, 0.14 ,M,Doku,MCI, 6.5 , 37.57 , 0.051 , 1.80 ,98%, 2.26 , 2.44 , 1.57 , 1.76 , 1.12 , 1.94 , 1.53 , 1.63 , 14.26 
144, 0.09 ,M,Bobb,MCI, 5.5 , 6.23 , 0.056 , 0.45 ,98%, 0.44 , 0.43 , 0.33 , 0.33 , 0.18 , 0.27 , 0.18 , 0.15 , 2.31 
145, 0.15 ,M,Foden,MCI, 8.0 , 36.65 , 0.063 , 2.76 ,98%, 1.23 , 2.91 , 2.44 , 2.74 , 1.75 , 3.06 , 2.42 , 2.60 , 19.14 
146, 0.34 ,M,Reijnders,MCI, 5.5 , 66.51 , 0.048 , 2.98 ,98%, 3.53 , 3.63 , 2.93 , 3.16 , 1.94 , 3.40 , 2.71 , 2.93 , 24.24 
147, 0.10 ,M,González (Nico),MCI, 6.0 , 19.23 , 0.039 , 0.82 ,98%, 0.80 , 0.85 , 0.70 , 0.76 , 0.48 , 0.81 , 0.62 , 0.65 , 5.68 
148, 0.14 ,M,Gundogan,MCI, 6.5 , 37.19 , 0.047 , 1.50 ,98%, 2.52 , 1.97 , 1.31 , 1.46 , 0.93 , 1.60 , 1.26 , 1.34 , 12.39 
149, 0.25 ,M,Bernardo Silva,MCI, 6.5 , 64.23 , 0.046 , 2.96 ,98%, 3.17 , 3.29 , 2.65 , 2.99 , 1.93 , 3.39 , 2.70 , 2.92 , 23.04 
150, 0.15 ,M,Cherki,MCI, 6.5 , 39.27 , 0.054 , 2.06 ,98%, 2.38 , 2.57 , 1.81 , 2.02 , 1.29 , 2.24 , 1.77 , 1.90 , 15.98 
151, (1.00),M,0,MCI, 100.0 , -   , -   , -   ,98%, -   , -   , -   , -   , -   , -   , -   , -   , -   
152, 0.45 ,M,Bruno Fernandes,MUN, 9.0 , 84.08 , 0.065 , 5.57 ,96%, 4.62 , 5.38 , 6.66 , 4.20 , 5.39 , 5.22 , 6.58 , 3.86 , 41.92 
153, (1.00),M,0,MUN, 100.0 , -   , -   , -   ,96%, -   , -   , -   , -   , -   , -   , -   , -   , -   
154, 0.36 ,M,Mbeumo,MUN, 8.0 , 74.70 , 0.059 , 4.46 ,96%, 3.72 , 4.30 , 5.32 , 3.35 , 4.29 , 4.15 , 5.22 , 3.06 , 33.42 
155, 0.40 ,M,Cunha,MUN, 8.0 , 74.70 , 0.063 , 4.77 ,96%, 3.98 , 4.60 , 5.69 , 3.58 , 4.59 , 4.44 , 5.58 , 3.28 , 35.74 
156, 0.16 ,M,Ugarte,MUN, 5.0 , 51.23 , 0.030 , 1.56 ,96%, 1.27 , 1.50 , 1.85 , 1.16 , 1.48 , 1.42 , 1.78 , 1.04 , 11.50 
157, 0.13 ,M,Casemiro,MUN, 5.5 , 29.23 , 0.044 , 1.36 ,96%, 1.11 , 1.29 , 1.57 , 0.97 , 1.23 , 1.17 , 1.44 , 0.83 , 9.62 
158, 0.15 ,M,Mainoo,MUN, 5.0 , 42.23 , 0.032 , 1.41 ,96%, 1.15 , 1.35 , 1.66 , 1.03 , 1.32 , 1.26 , 1.57 , 0.91 , 10.26 
159, 0.07 ,M,Antony,MUN, 6.0 , -   , 0.050 , -   ,96%, -   , -   , -   , -   , -   , -   , -   , -   , -   
160, 0.07 ,M,Sancho,MUN, 6.0 , -   , 0.045 , -   ,96%, -   , -   , -   , -   , -   , -   , -   , -   , -   
161, (1.00),M,0,MUN, 100.0 , -   , -   , -   ,96%, -   , -   , -   , -   , -   , -   , -   , -   , -   
162, 0.11 ,M,Mount,MUN, 6.0 , 20.23 , 0.050 , 1.10 ,96%, 0.90 , 1.04 , 1.25 , 0.76 , 0.95 , 0.89 , 1.08 , 0.61 , 7.48 
163, 0.07 ,M,Garnacho,MUN, 6.5 , -   , 0.057 , -   ,96%, -   , -   , -   , -   , -   , -   , -   , -   , -   
164, 0.27 ,M,Amad Diallo,MUN, 6.5 , 57.23 , 0.055 , 3.25 ,96%, 2.64 , 3.12 , 3.85 , 2.41 , 3.09 , 2.98 , 3.73 , 2.18 , 24.00 
165, (1.00),M,0,NEW, 100.0 , -   , -   , -   ,96%, -   , -   , -   , -   , -   , -   , -   , -   , -   
166, 0.32 ,M,Joelinton,NEW, 6.0 , 77.93 , 0.043 , 3.39 ,96%, 3.17 , 2.92 , 3.55 , 3.74 , 3.01 , 2.62 , 3.39 , 2.88 , 25.29 
167, 0.38 ,M,Bruno Guimarães,NEW, 6.5 , 86.46 , 0.046 , 4.05 ,96%, 3.70 , 3.49 , 4.26 , 4.48 , 3.62 , 3.15 , 4.09 , 3.48 , 30.26 
168, (1.00),M,0,NEW, 100.0 , -   , -   , -   ,96%, -   , -   , -   , -   , -   , -   , -   , -   , -   
169, 0.24 ,M,Elanga,NEW, 7.0 , 57.98 , 0.054 , 3.02 ,96%, 3.11 , 2.87 , 3.37 , 3.29 , 2.64 , 2.28 , 2.94 , 2.49 , 22.99 
170, 0.11 ,M,Willock,NEW, 5.0 , 9.59 , 0.045 , 1.47 ,96%, -   , -   , -   , 0.79 , 1.23 , 1.05 , 1.34 , 1.12 , 5.54 
171, 0.23 ,M,Barnes,NEW, 6.5 , 48.73 , 0.060 , 2.69 ,96%, 3.24 , 2.82 , 2.78 , 2.90 , 2.32 , 2.00 , 2.57 , 2.16 , 20.80 
172, 0.18 ,M,Murphy (Jacob),NEW, 6.5 , 46.00 , 0.055 , 2.42 ,96%, 2.73 , 2.35 , 2.49 , 2.60 , 2.08 , 1.79 , 2.30 , 1.93 , 18.27 
173, 0.29 ,M,Gordon (Anthony),NEW, 7.5 , 67.09 , 0.055 , 3.60 ,96%, 3.25 , 3.43 , 4.12 , 4.14 , 3.18 , 2.76 , 3.57 , 3.02 , 27.47 
174, 0.35 ,M,Tonali,NEW, 5.5 , 81.43 , 0.041 , 3.40 ,96%, 3.18 , 2.93 , 3.57 , 3.75 , 3.03 , 2.63 , 3.41 , 2.90 , 25.40 
175, 0.11 ,M,Miley (Lewis),NEW, 4.5 , 6.23 , 0.039 , 0.31 ,96%, 0.28 , 0.24 , 0.27 , 0.25 , 0.17 , 0.13 , 0.13 , 0.09 , 1.55 
176, (1.00),M,0,NEW, 100.0 , -   , -   , -   ,96%, -   , -   , -   , -   , -   , -   , -   , -   , -   
177, (1.00),M,0,NOT, 100.0 , -   , -   , -   ,103%, -   , -   , -   , -   , -   , -   , -   , -   , -   
178, 0.09 ,M,Nicolás Domínguez,NOT, 5.0 , 2.18 , 0.038 , 2.25 ,103%, -   , -   , -   , -   , -   , -   , 0.85 , 2.05 , 2.91 
179, 0.35 ,M,Gibbs-White,NOT, 7.5 , 80.23 , 0.048 , 3.91 ,103%, 4.53 , 3.60 , 4.45 , 2.60 , 3.91 , 4.65 , 3.31 , 3.66 , 30.71 
180, 0.30 ,M,Hudson-Odoi,NOT, 6.0 , 71.08 , 0.043 , 3.08 ,103%, 3.65 , 2.84 , 3.51 , 2.04 , 3.07 , 3.64 , 2.59 , 2.86 , 24.20 
181, 0.16 ,M,Yates,NOT, 5.0 , 43.23 , 0.033 , 1.49 ,103%, 1.73 , 1.36 , 1.67 , 0.97 , 1.44 , 1.70 , 1.20 , 1.31 , 11.39 
182, 0.27 ,M,Ndoye,NOT, 6.0 , 62.23 , 0.046 , 2.92 ,103%, 3.38 , 2.68 , 3.31 , 1.93 , 2.89 , 3.42 , 2.43 , 2.68 , 22.71 
183, 0.18 ,M,Sangaré,NOT, 5.0 , 57.23 , 0.032 , 1.91 ,103%, 2.22 , 1.76 , 2.17 , 1.26 , 1.89 , 2.23 , 1.58 , 1.74 , 14.85 
184, 0.12 ,M,Jota Silva,NOT, 5.5 , 20.23 , 0.044 , 0.97 ,103%, 1.13 , 0.87 , 1.05 , 0.59 , 0.87 , 1.00 , 0.68 , 0.73 , 6.92 
185, 0.40 ,M,Anderson,NOT, 5.5 , 81.31 , 0.042 , 3.50 ,103%, 4.18 , 3.22 , 3.99 , 2.33 , 3.50 , 4.16 , 2.96 , 3.28 , 27.61 
186, (1.00),M,0,SUN, 100.0 , -   , -   , -   ,107%, -   , -   , -   , -   , -   , -   , -   , -   , -   
187, 0.15 ,M,Sadiki,SUN, 5.0 , 38.23 , 0.031 , 1.23 ,107%, 1.43 , 1.25 , 1.37 , 1.07 , 1.20 , 1.00 , 0.98 , 1.20 , 9.51 
188, 0.38 ,M,Adingra,SUN, 5.5 , 70.80 , 0.045 , 3.21 ,107%, 4.00 , 3.41 , 3.64 , 2.89 , 3.26 , 2.75 , 2.71 , 3.37 , 26.04 
189, 0.35 ,M,Xhaka,SUN, 5.0 , 81.81 , 0.035 , 2.93 ,107%, 3.51 , 3.03 , 3.33 , 2.65 , 3.00 , 2.53 , 2.50 , 3.11 , 23.66 
190, 0.24 ,M,Diarra,SUN, 5.5 , 71.23 , 0.035 , 2.54 ,107%, 2.96 , 2.62 , 2.89 , 2.29 , 2.59 , 2.18 , 2.15 , 2.67 , 20.36 
191, 0.22 ,M,Talbi,SUN, 5.0 , 50.23 , 0.044 , 2.28 ,107%, 2.66 , 2.35 , 2.57 , 2.03 , 2.28 , 1.91 , 1.88 , 2.32 , 17.99 
192, 0.23 ,M,Le Fee,SUN, 5.0 , 66.93 , 0.033 , 2.27 ,107%, 2.76 , 2.34 , 2.57 , 2.04 , 2.30 , 1.94 , 1.91 , 2.37 , 18.23 
193, 0.22 ,M,Roberts,SUN, 5.5 , 66.23 , 0.035 , 2.38 ,107%, 2.77 , 2.45 , 2.70 , 2.13 , 2.41 , 2.03 , 2.00 , 2.49 , 18.98 
194, (1.00),M,0,SUN, 100.0 , -   , -   , -   ,107%, -   , -   , -   , -   , -   , -   , -   , -   , -   
195, 0.21 ,M,Sarr (Pape),TOT, 5.0 , 47.36 , 0.039 , 1.65 ,103%, 3.06 , 1.55 , 1.72 , 1.56 , 1.39 , 1.69 , 1.56 , 1.52 , 14.05 
196, 0.34 ,M,Kudus,TOT, 6.5 , 71.54 , 0.048 , 3.46 ,103%, 4.42 , 2.65 , 3.68 , 3.35 , 3.03 , 3.72 , 3.46 , 3.39 , 27.72 
197, 0.18 ,M,Johnson (Brennan),TOT, 7.0 , 44.67 , 0.055 , 2.71 ,103%, 2.56 , 2.06 , 2.85 , 2.58 , 2.32 , 2.83 , 2.62 , 2.55 , 20.36 
198, 0.14 ,M,Odobert,TOT, 5.5 , 32.23 , 0.044 , 1.49 ,103%, 1.81 , 1.13 , 1.54 , 1.39 , 1.24 , 1.50 , 1.37 , 1.32 , 11.29 
199, 0.20 ,M,Tel,TOT, 6.5 , 48.86 , 0.050 , 2.43 ,103%, 3.39 , 1.85 , 2.56 , 2.32 , 2.08 , 2.54 , 2.35 , 2.29 , 19.38 
200, 0.07 ,M,Kulusevski,TOT, 6.5 , 0.52 , 0.049 , 3.71 ,103%, -   , -   , -   , -   , -   , -   , -   , 1.54 , 1.54 
201, 0.24 ,M,João Palhinha,TOT, 5.5 , 64.23 , 0.039 , 2.54 ,103%, 3.10 , 1.95 , 2.70 , 2.46 , 2.22 , 2.72 , 2.53 , 2.47 , 20.13 
202, 0.10 ,M,Bissouma,TOT, 5.5 , 13.23 , 0.033 , 0.49 ,103%, 0.60 , 0.36 , 0.48 , 0.42 , 0.36 , 0.41 , 0.36 , 0.33 , 3.31 
203, 0.06 ,M,Maddison,TOT, 7.0 , -   , 0.059 , -   ,103%, -   , -   , -   , -   , -   , -   , -   , -   , -   
204, 0.15 ,M,Bergvall,TOT, 5.5 , 44.86 , 0.033 , 1.50 ,103%, 2.11 , 1.14 , 1.57 , 1.42 , 1.28 , 1.56 , 1.44 , 1.40 , 11.92 
205, 0.21 ,M,Bentancur,TOT, 5.5 , 63.02 , 0.035 , 2.18 ,103%, 3.18 , 1.67 , 2.31 , 2.10 , 1.90 , 2.33 , 2.16 , 2.11 , 17.76 
206, (1.00),M,0,TOT, 100.0 , -   , -   , -   ,103%, -   , -   , -   , -   , -   , -   , -   , -   , -   
207, (1.00),M,0,WHM, 100.0 , -   , -   , -   ,101%, -   , -   , -   , -   , -   , -   , -   , -   , -   
208, 0.14 ,M,Rodríguez,WHM, 5.0 , 33.23 , 0.030 , 1.07 ,101%, 1.16 , 1.05 , 0.92 , 1.07 , 1.06 , 0.87 , 0.63 , 1.04 , 7.80 
209, (1.00),M,0,WHM, 100.0 , -   , -   , -   ,101%, -   , -   , -   , -   , -   , -   , -   , -   , -   
210, (1.00),M,0,WHM, 100.0 , -   , -   , -   ,101%, -   , -   , -   , -   , -   , -   , -   , -   , -   
211, 0.34 ,M,Lucas Paquetá,WHM, 6.0 , 74.16 , 0.045 , 3.37 ,101%, 3.87 , 3.35 , 2.99 , 3.50 , 3.52 , 2.94 , 2.16 , 3.62 , 25.96 
212, 0.10 ,M,Summerville,WHM, 5.5 , 8.00 , 0.049 , 0.99 ,101%, -   , -   , 0.38 , 0.93 , 0.91 , 0.73 , 0.52 , 0.83 , 4.29 
213, 0.12 ,M,Álvarez (Edson),WHM, 5.0 , 23.23 , 0.030 , 0.75 ,101%, 0.82 , 0.73 , 0.64 , 0.73 , 0.71 , 0.58 , 0.42 , 0.67 , 5.29 
214, (1.00),M,0,WHM, 100.0 , -   , -   , -   ,101%, -   , -   , -   , -   , -   , -   , -   , -   , -   
215, 0.27 ,M,Ward-Prowse,WHM, 6.0 , 65.23 , 0.044 , 2.97 ,101%, 3.24 , 2.96 , 2.63 , 3.08 , 3.09 , 2.57 , 1.89 , 3.16 , 22.63 
216, 0.30 ,M,Soucek,WHM, 6.0 , 68.73 , 0.045 , 3.15 ,101%, 3.44 , 3.13 , 2.79 , 3.27 , 3.28 , 2.74 , 2.01 , 3.37 , 24.03 
217, (1.00),M,0,WHM, 100.0 , -   , -   , -   ,101%, -   , -   , -   , -   , -   , -   , -   , -   , -   
218, (1.00),M,0,WOL, 100.0 , -   , -   , -   ,99%, -   , -   , -   , -   , -   , -   , -   , -   , -   
219, (1.00),M,0,WOL, 100.0 , -   , -   , -   ,99%, -   , -   , -   , -   , -   , -   , -   , -   , -   
220, 0.15 ,M,Bellegarde,WOL, 5.5 , 41.23 , 0.041 , 1.75 ,99%, 1.58 , 1.59 , 1.82 , 1.48 , 2.02 , 1.47 , 1.67 , 1.65 , 13.27 
221, 0.27 ,M,Munetsi,WOL, 5.5 , 66.70 , 0.042 , 2.87 ,99%, 2.67 , 2.63 , 3.03 , 2.49 , 3.41 , 2.51 , 2.87 , 2.87 , 22.47 
222, 0.24 ,M,André,WOL, 5.5 , 82.23 , 0.032 , 2.70 ,99%, 2.44 , 2.48 , 2.87 , 2.36 , 3.25 , 2.39 , 2.75 , 2.75 , 21.29 
223, 0.09 ,M,Hwang Hee-Chan,WOL, 6.0 , 10.23 , 0.047 , 0.56 ,99%, 0.51 , 0.48 , 0.52 , 0.40 , 0.51 , 0.35 , 0.36 , 0.33 , 3.46 
224, (1.00),M,0,WOL, 100.0 , -   , -   , -   ,99%, -   , -   , -   , -   , -   , -   , -   , -   , -   
225, 0.30 ,M,João Gomes,WOL, 5.5 , 82.23 , 0.037 , 3.07 ,99%, 2.77 , 2.82 , 3.26 , 2.68 , 3.69 , 2.72 , 3.12 , 3.12 , 24.18 
226, 0.14 ,M,Fer Lopez,WOL, 5.5 , 34.23 , 0.038 , 1.37 ,99%, 1.24 , 1.24 , 1.42 , 1.15 , 1.56 , 1.13 , 1.28 , 1.26 , 10.29 
227, 0.27 ,M,Arias,WOL, 5.5 , 67.13 , 0.042 , 2.77 ,99%, 2.85 , 2.70 , 2.92 , 2.40 , 3.29 , 2.42 , 2.77 , 2.77 , 22.12 
,,,,,,,,,,,,,,,,,,
1, 0.40 ,F,Gyökeres,ARS, 9.0 , 74.51 , 0.069 , 5.11 ,98%, 4.22 , 6.34 , 3.83 , 5.46 , 4.57 , 4.50 , 5.75 , 4.77 , 39.44 
2, 0.07 ,F,Jesus,ARS, 6.5 , -   , 0.055 , -   ,98%, -   , -   , -   , -   , -   , -   , -   , -   , -   
3, 0.12 ,F,Havertz,ARS, 7.5 , 36.00 , 0.054 , 1.95 ,98%, 1.77 , 2.38 , 1.39 , 1.95 , 1.61 , 1.56 , 1.97 , 1.61 , 14.24 
4, (1.00),F,0,ARS, 100.0 , -   , -   , -   ,98%, -   , -   , -   , -   , -   , -   , -   , -   , -   
5, (1.00),F,0,AVL, 100.0 , -   , -   , -   ,105%, -   , -   , -   , -   , -   , -   , -   , -   , -   
6, (1.00),F,0,AVL, 100.0 , -   , -   , -   ,105%, -   , -   , -   , -   , -   , -   , -   , -   , -   
7, (1.00),F,0,AVL, 100.0 , -   , -   , -   ,105%, -   , -   , -   , -   , -   , -   , -   , -   , -   
8, 0.44 ,F,Watkins,AVL, 9.0 , 81.46 , 0.064 , 5.21 ,105%, 5.62 , 5.05 , 5.54 , 4.63 , 5.42 , 5.59 , 5.94 , 4.48 , 42.26 
9, 0.11 ,F,Kroupi.Jr,BOU, 4.5 , 7.00 , 0.048 , 0.34 ,98%, 0.25 , 0.34 , 0.24 , 0.24 , 0.19 , 0.15 , 0.12 , 0.06 , 1.59 
10, (1.00),F,Jebbison,BOU, 100.0 , 6.00 , 0.057 , 0.34 ,98%, 0.25 , 0.33 , 0.23 , 0.22 , 0.17 , 0.12 , 0.08 , 0.02 , 1.42 
11, 0.39 ,F,Evanilson,BOU, 7.0 , 82.81 , 0.051 , 4.22 ,98%, 3.23 , 4.71 , 3.80 , 4.36 , 4.25 , 4.25 , 4.46 , 3.62 , 32.68 
12, 0.08 ,F,Unal,BOU, 5.5 , 2.17 , 0.052 , 0.11 ,98%, -   , -   , -   , -   , -   , 0.61 , 0.60 , 0.45 , 1.66 
13, (1.00),F,0,BRE, 100.0 , -   , -   , -   ,100%, -   , -   , -   , -   , -   , -   , -   , -   , -   
14, 0.19 ,F,Wissa,BRE, 7.5 , 36.34 , 0.060 , 2.16 ,100%, -   , 0.90 , 2.17 , 3.15 , 4.28 , 4.56 , 3.88 , 4.26 , 23.21 
15, 0.29 ,F,Thiago,BRE, 6.0 , 72.97 , 0.042 , 3.09 ,100%, 3.31 , 3.71 , 3.53 , 2.37 , 2.27 , 2.40 , 2.04 , 2.23 , 21.85 
16, (1.00),F,0,BRI, 100.0 , -   , -   , -   ,98%, -   , -   , -   , -   , -   , -   , -   , -   , -   
17, (1.00),F,0,BRI, 100.0 , -   , -   , -   ,98%, -   , -   , -   , -   , -   , -   , -   , -   , -   
18, 0.22 ,F,Welbeck,BRI, 6.5 , 61.00 , 0.047 , 2.88 ,98%, 3.27 , 2.62 , 2.54 , 2.57 , 2.93 , 2.32 , 2.60 , 2.78 , 21.63 
19, 0.10 ,F,Tzimas,BRI, 5.5 , 13.00 , 0.042 , 0.55 ,98%, 0.62 , 0.48 , 0.44 , 0.42 , 0.44 , 0.33 , 0.34 , 0.33 , 3.39 
20, (1.00),F,0,BRI, 100.0 , -   , -   , -   ,98%, -   , -   , -   , -   , -   , -   , -   , -   , -   
21, (1.00),F,0,BRI, 100.0 , -   , -   , -   ,98%, -   , -   , -   , -   , -   , -   , -   , -   , -   
22, 0.19 ,F,Flemming,BUR, 5.5 , 61.00 , 0.038 , 2.31 ,99%, 2.15 , 2.86 , 2.04 , 1.93 , 2.34 , 1.68 , 1.93 , 2.62 , 17.55 
23, 0.11 ,F,Foster,BUR, 5.0 , 15.00 , 0.035 , 0.52 ,99%, 0.48 , 0.61 , 0.42 , 0.38 , 0.44 , 0.29 , 0.32 , 0.41 , 3.35 
24, 0.13 ,F,Broja,BUR, 5.5 , 37.68 , 0.035 , 1.31 ,99%, 0.97 , 1.70 , 1.21 , 1.14 , 1.37 , 0.97 , 1.10 , 1.49 , 9.95 
25, (1.00),F,0,BUR, 100.0 , -   , -   , -   ,99%, -   , -   , -   , -   , -   , -   , -   , -   , -   
26, (1.00),F,0,CHE, 100.0 , -   , -   , -   ,104%, -   , -   , -   , -   , -   , -   , -   , -   , -   
27, (1.00),F,Fofana (David Datro),CHE, 100.0 , -   , 0.056 , -   ,104%, -   , -   , -   , -   , -   , -   , -   , -   , -   
28, (1.00),F,0,CHE, 100.0 , -   , -   , -   ,104%, -   , -   , -   , -   , -   , -   , -   , -   , -   
29, 0.33 ,F,João Pedro,CHE, 7.5 , 64.93 , 0.058 , 3.77 ,104%, 4.56 , 3.74 , 3.98 , 3.40 , 3.09 , 3.63 , 2.89 , 2.97 , 28.26 
30, 0.18 ,F,Jackson (Nicolas),CHE, 6.5 , 39.07 , 0.056 , 2.17 ,104%, -   , 2.46 , 3.24 , 2.77 , 2.51 , 2.93 , 2.33 , 2.39 , 18.63 
31, 0.11 ,F,Delap,CHE, 6.5 , 26.63 , 0.044 , 1.17 ,104%, 1.67 , 1.28 , 1.01 , 0.84 , 0.75 , 0.85 , 0.66 , 0.65 , 7.72 
32, (1.00),F,0,CHE, 100.0 , -   , -   , -   ,104%, -   , -   , -   , -   , -   , -   , -   , -   , -   
33, (1.00),F,0,CHE, 100.0 , -   , -   , -   ,104%, -   , -   , -   , -   , -   , -   , -   , -   , -   
34, (1.00),F,0,CHE, 100.0 , -   , -   , -   ,104%, -   , -   , -   , -   , -   , -   , -   , -   , -   
35, (1.00),F,0,CHE, 100.0 , -   , -   , -   ,104%, -   , -   , -   , -   , -   , -   , -   , -   , -   
36, 0.43 ,F,Mateta,CPL, 7.5 , 81.99 , 0.057 , 4.69 ,99%, 4.19 , 4.96 , 4.16 , 5.70 , 4.41 , 3.79 , 3.81 , 4.44 , 35.45 
37, 0.08 ,F,Eddie Nketiah,CPL, 5.5 , 1.09 , 0.053 , 0.06 ,99%, -   , -   , -   , -   , -   , -   , 0.40 , 1.18 , 1.58 
38, (1.00),F,0,CPL, 100.0 , -   , -   , -   ,99%, -   , -   , -   , -   , -   , -   , -   , -   , -   
39, (1.00),F,0,CPL, 100.0 , -   , -   , -   ,99%, -   , -   , -   , -   , -   , -   , -   , -   , -   
40, (1.00),F,0,EVE, 100.0 , -   , -   , -   ,103%, -   , -   , -   , -   , -   , -   , -   , -   , -   
41, 0.19 ,F,Barry,EVE, 6.0 , 54.00 , 0.045 , 2.44 ,103%, 2.61 , 2.59 , 2.31 , 2.48 , 1.70 , 2.62 , 2.42 , 1.69 , 18.42 
42, 0.18 ,F,Beto,EVE, 5.5 , 43.00 , 0.051 , 2.18 ,103%, 2.34 , 2.31 , 2.06 , 2.19 , 1.50 , 2.30 , 2.11 , 1.47 , 16.28 
43, (1.00),F,0,EVE, 100.0 , -   , -   , -   ,103%, -   , -   , -   , -   , -   , -   , -   , -   , -   
44, (1.00),F,0,EVE, 100.0 , -   , -   , -   ,103%, -   , -   , -   , -   , -   , -   , -   , -   , -   
45, (1.00),F,0,FUL, 100.0 , -   , -   , -   ,101%, -   , -   , -   , -   , -   , -   , -   , -   , -   
46, 0.26 ,F,Raúl Jiménez,FUL, 6.5 , 57.00 , 0.054 , 3.10 ,101%, 2.84 , 3.21 , 2.59 , 3.70 , 3.39 , 2.60 , 2.63 , 2.27 , 23.24 
47, 0.22 ,F,Rodrigo Muniz,FUL, 5.5 , 44.00 , 0.058 , 2.55 ,101%, 2.33 , 2.62 , 2.11 , 3.00 , 2.74 , 2.09 , 2.10 , 1.81 , 18.82 
48, (1.00),F,0,FUL, 100.0 , -   , -   , -   ,101%, -   , -   , -   , -   , -   , -   , -   , -   , -   
49, 0.13 ,F,Nmecha,LEE, 5.0 , 24.57 , 0.043 , 1.05 ,97%, 1.30 , 0.71 , 0.97 , 0.86 , 0.83 , 0.88 , 0.84 , 0.78 , 7.16 
50, 0.26 ,F,Piroe,LEE, 5.5 , 64.00 , 0.044 , 2.83 ,97%, 3.25 , 1.95 , 2.83 , 2.57 , 2.55 , 2.79 , 2.72 , 2.60 , 21.27 
51, 0.09 ,F,Mateo Joseph,LEE, 5.0 , -   , 0.036 , -   ,97%, -   , -   , -   , -   , -   , -   , -   , -   , -   
52, (1.00),F,Calvert-Lewin,LEE, 100.0 , 18.34 , 0.048 , 0.88 ,97%, 0.26 , 0.47 , 1.19 , 1.06 , 1.02 , 1.10 , 1.04 , 0.97 , 7.10 
53, (1.00),F,0,LIV, 100.0 , -   , -   , -   ,97%, -   , -   , -   , -   , -   , -   , -   , -   , -   
54, (1.00),F,0,LIV, 100.0 , -   , -   , -   ,97%, -   , -   , -   , -   , -   , -   , -   , -   , -   
55, 0.24 ,F,Ekitike,LIV, 8.5 , 57.93 , 0.061 , 3.53 ,97%, 4.04 , 3.08 , 2.75 , 3.47 , 3.54 , 3.00 , 2.74 , 3.28 , 25.89 
56, (1.00),F,0,LIV, 100.0 , -   , -   , -   ,97%, -   , -   , -   , -   , -   , -   , -   , -   , -   
57, 0.36 ,F,Haaland,MCI, 14.0 , 85.04 , 0.074 , 6.34 ,98%, 6.30 , 6.70 , 5.67 , 6.43 , 4.16 , 7.32 , 5.85 , 6.36 , 48.78 
58, (1.00),F,0,MCI, 100.0 , -   , -   , -   ,98%, -   , -   , -   , -   , -   , -   , -   , -   , -   
59, (1.00),F,0,MCI, 100.0 , -   , -   , -   ,98%, -   , -   , -   , -   , -   , -   , -   , -   , -   
60, (1.00),F,0,MUN, 100.0 , -   , -   , -   ,96%, -   , -   , -   , -   , -   , -   , -   , -   , -   
61, 0.09 ,F,Højlund,MUN, 6.5 , 19.00 , 0.044 , 0.84 ,96%, 0.68 , 0.79 , 0.94 , 0.57 , 0.70 , 0.65 , 0.79 , 0.44 , 5.56 
62, 0.09 ,F,Zirkzee,MUN, 6.0 , 12.00 , 0.044 , 0.52 ,96%, 0.43 , 0.48 , 0.55 , 0.33 , 0.39 , 0.34 , 0.39 , 0.21 , 3.12 
63, 0.24 ,F,Sesko,MUN, 7.5 , 63.90 , 0.051 , 3.24 ,96%, 2.07 , 2.93 , 4.29 , 2.70 , 3.46 , 3.34 , 4.20 , 2.46 , 25.45 
64, (1.00),F,0,NEW, 100.0 , -   , -   , -   ,96%, -   , -   , -   , -   , -   , -   , -   , -   , -   
65, (1.00),F,0,NEW, 100.0 , -   , -   , -   ,96%, -   , -   , -   , -   , -   , -   , -   , -   , -   
66, 0.09 ,F,Osula,NEW, 5.5 , 11.66 , 0.040 , 0.46 ,96%, 0.90 , 0.49 , 0.14 , 0.12 , 0.07 , 0.03 , 0.01 , -   , 1.76 
67, 0.16 ,F,Isak,NEW, 10.5 , 31.27 , 0.072 , 2.26 ,96%, -   , -   , 1.81 , 4.33 , 4.47 , 4.47 , 5.80 , 4.93 , 25.81 
68, (1.00),F,0,NEW, 100.0 , -   , -   , -   ,96%, -   , -   , -   , -   , -   , -   , -   , -   , -   
69, 0.41 ,F,Wood (Chris),NOT, 7.5 , 76.88 , 0.056 , 4.34 ,103%, 5.31 , 4.08 , 4.89 , 2.77 , 4.17 , 4.94 , 3.51 , 3.89 , 33.56 
70, 0.12 ,F,Igor Jesus,NOT, 6.0 , 33.00 , 0.040 , 1.32 ,103%, 1.53 , 1.19 , 1.46 , 0.84 , 1.24 , 1.45 , 1.01 , 1.10 , 9.81 
71, 0.10 ,F,Awoniyi,NOT, 5.5 , 12.00 , 0.049 , 0.59 ,103%, 0.69 , 0.51 , 0.60 , 0.32 , 0.45 , 0.49 , 0.32 , 0.32 , 3.70 
72, (1.00),F,0,NOT, 100.0 , -   , -   , -   ,103%, -   , -   , -   , -   , -   , -   , -   , -   , -   
73, (1.00),F,Dennis (Emmanuel),NOT, 100.0 , -   , 0.041 , -   ,103%, -   , -   , -   , -   , -   , -   , -   , -   , -   
74, (1.00),F,0,SUN, 100.0 , -   , -   , -   ,107%, -   , -   , -   , -   , -   , -   , -   , -   , -   
75, 0.12 ,F,Isidor,SUN, 5.5 , 26.00 , 0.034 , 0.88 ,107%, 1.02 , 0.89 , 0.96 , 0.74 , 0.82 , 0.68 , 0.65 , 0.79 , 6.54 
76, 0.21 ,F,Mayenda,SUN, 5.5 , 58.93 , 0.040 , 2.35 ,107%, 2.87 , 2.37 , 2.60 , 2.06 , 2.32 , 1.95 , 1.92 , 2.37 , 18.47 
77, 0.13 ,F,Guiu,SUN, 4.5 , 18.34 , 0.032 , 0.58 ,107%, 0.18 , 0.47 , 0.86 , 0.67 , 0.74 , 0.61 , 0.58 , 0.70 , 4.82 
78, (1.00),F,0,SUN, 100.0 , -   , -   , -   ,107%, -   , -   , -   , -   , -   , -   , -   , -   , -   
79, 0.30 ,F,Solanke,TOT, 7.5 , 67.14 , 0.054 , 3.60 ,103%, 2.94 , 2.67 , 4.39 , 4.01 , 3.63 , 4.45 , 4.15 , 4.07 , 30.30 
80, 0.10 ,F,Scarlett,TOT, 4.5 , 1.00 , 0.048 , 0.05 ,103%, 0.06 , 0.01 , -   , -   , -   , -   , -   , -   , 0.07 
81, (1.00),F,0,TOT, 100.0 , -   , -   , -   ,103%, -   , -   , -   , -   , -   , -   , -   , -   , -   
82, 0.22 ,F,Richarlison,TOT, 6.5 , 45.86 , 0.058 , 2.65 ,103%, 3.66 , 1.94 , 2.66 , 2.41 , 2.16 , 2.63 , 2.43 , 2.36 , 20.26 
83, (1.00),F,0,WBA, 100.0 , -   , -   , -   ,100%, -   , -   , -   , -   , -   , -   , -   , -   , -   
84, (1.00),F,0,WBA, 100.0 , -   , -   , -   ,100%, -   , -   , -   , -   , -   , -   , -   , -   , -   
85, (1.00),F,0,WBA, 100.0 , -   , -   , -   ,100%, -   , -   , -   , -   , -   , -   , -   , -   , -   
86, 0.38 ,F,Bowen,WHM, 8.0 , 88.35 , 0.050 , 4.41 ,101%, 4.87 , 4.37 , 3.91 , 4.58 , 4.61 , 3.86 , 2.85 , 4.77 , 33.81 
87, 0.29 ,F,Füllkrug,WHM, 6.0 , 63.46 , 0.048 , 3.07 ,101%, 3.42 , 3.02 , 2.69 , 3.14 , 3.15 , 2.62 , 1.93 , 3.22 , 23.20 
88, 0.13 ,F,Wilson (Callum),WHM, 6.0 , 29.00 , 0.050 , 1.46 ,101%, 1.60 , 1.43 , 1.25 , 1.44 , 1.42 , 1.16 , 0.84 , 1.37 , 10.51 
89, (1.00),F,0,WHM, 100.0 , -   , -   , -   ,101%, -   , -   , -   , -   , -   , -   , -   , -   , -   
90, 0.40 ,F,Strand Larsen,WOL, 6.5 , 80.10 , 0.051 , 4.06 ,99%, 3.76 , 3.77 , 4.24 , 3.49 , 4.80 , 3.53 , 4.05 , 4.06 , 31.71 
91, (1.00),F,0,WOL, 100.0 , -   , -   , -   ,99%, -   , -   , -   , -   , -   , -   , -   , -   , -   
92, 0.09 ,F,Fabio Silva,WOL, 5.0 , 4.00 , 0.037 , 0.15 ,99%, 0.13 , 0.11 , 0.09 , 0.05 , 0.04 , -   , -   , -   , 0.42 
93, 0.09 ,F,Kalajdzic,WOL, 5.0 , 4.00 , 0.056 , 0.23 ,99%, 0.20 , 0.17 , 0.15 , 0.08 , 0.06 , -   , -   , -   , 0.66 
,,,,,,,,,,,,,,,,,,
1, 0.33 ,D,Gabriel,ARS, 6.0 ,,,,, 3.62 , 2.39 , 2.66 , 4.39 , 3.16 , 3.30 , 4.41 , 3.76 , 27.67 
2, 0.38 ,D,Saliba,ARS, 6.0 ,,,,, 3.53 , 4.43 , 2.53 , 4.17 , 3.02 , 3.20 , 4.19 , 3.64 , 28.72 
3, 0.43 ,D,Virgil,LIV, 6.0 ,,,,, 4.32 , 3.45 , 3.46 , 4.45 , 4.24 , 3.67 , 3.06 , 3.77 , 30.42 
4, 0.30 ,D,Gvardiol,MCI, 6.0 ,,,,, 0.53 , 3.32 , 3.30 , 3.81 , 2.73 , 4.76 , 3.60 , 4.19 , 26.23 
5, 0.49 ,D,Pedro Porro,TOT, 5.5 ,,,,, 5.73 , 2.32 , 4.27 , 3.74 , 3.23 , 4.61 , 3.83 , 3.73 , 31.47 
6, 0.44 ,D,Tarkowski,EVE, 5.5 ,,,,, 3.95 , 3.88 , 4.01 , 3.62 , 2.56 , 4.18 , 4.01 , 2.52 , 28.73 
7, 0.44 ,D,Lacroix,CPL, 5.0 ,,,,, 2.91 , 4.09 , 3.03 , 4.50 , 3.48 , 2.81 , 3.65 , 3.68 , 28.16 
8, 0.48 ,D,Murillo,NOT, 5.5 ,,,,, 4.29 , 3.71 , 4.31 , 2.93 , 4.35 , 4.67 , 3.15 , 3.31 , 30.72 
9, 0.41 ,D,Munoz,CPL, 5.5 ,,,,, 2.75 , 4.30 , 3.01 , 5.15 , 3.57 , 2.75 , 3.59 , 3.92 , 29.05 
10, 0.43 ,D,Milenkovic,NOT, 5.5 ,,,,, 4.03 , 3.41 , 4.00 , 2.62 , 4.01 , 4.47 , 2.91 , 3.10 , 28.55 
11, 0.26 ,D,Branthwaite,EVE, 5.5 ,,,,, 1.55 , 2.35 , 3.11 , 3.37 , 2.31 , 3.85 , 3.67 , 2.26 , 22.46 
12, 0.34 ,D,James,CHE, 5.5 ,,,,, 3.70 , 3.21 , 3.56 , 2.87 , 2.50 , 3.15 , 2.34 , 2.80 , 24.13 
13, 0.39 ,D,Frimpong,LIV, 6.0 ,,,,, 4.40 , 3.07 , 3.09 , 4.22 , 4.01 , 3.32 , 2.66 , 3.51 , 28.27 
14, 0.34 ,D,Schär,NEW, 5.5 ,,,,, 3.11 , 2.72 , 3.54 , 3.89 , 2.89 , 2.68 , 3.62 , 2.72 , 25.18 
15, 0.41 ,D,Collins,BRE, 5.0 ,,,,, 3.53 , 3.33 , 3.89 , 2.95 , 3.19 , 3.19 , 2.54 , 3.19 , 25.80 
16, 0.43 ,D,Romero,TOT, 5.0 ,,,,, 4.65 , 2.13 , 3.57 , 3.24 , 2.86 , 3.99 , 3.32 , 3.17 , 26.93 
17, 0.41 ,D,Senesi,BOU, 4.5 ,,,,, 2.21 , 4.18 , 2.86 , 3.33 , 3.20 , 3.31 , 3.66 , 3.01 , 25.76 
18, 0.43 ,D,Wan-Bissaka,WHM, 4.5 ,,,,, 3.95 , 2.82 , 3.09 , 3.12 , 3.39 , 3.14 , 2.10 , 3.46 , 25.05 
19, 0.38 ,D,Cucurella,CHE, 6.0 ,,,,, 4.04 , 3.51 , 3.99 , 3.34 , 2.92 , 3.58 , 2.56 , 3.30 , 27.25 
20, 0.34 ,D,Aït-Nouri,MCI, 6.0 ,,,,, 3.89 , 3.53 , 2.87 , 3.38 , 2.28 , 4.20 , 3.10 , 3.72 , 26.98 
21, 0.26 ,D,Kerkez,LIV, 6.0 ,,,,, 3.32 , 2.41 , 2.43 , 3.31 , 3.30 , 2.62 , 2.17 , 2.79 , 22.35 
22, 0.25 ,D,Robinson,FUL, 5.0 ,,,,, -   , 1.21 , 1.40 , 4.02 , 3.74 , 2.79 , 2.96 , 2.74 , 18.85 
23, 0.32 ,D,Ruben,MCI, 5.5 ,,,,, 3.56 , 3.16 , 2.70 , 3.02 , 2.13 , 3.77 , 2.84 , 3.33 , 24.51 
24, 0.20 ,D,Burn,NEW, 5.0 ,,,,, 2.34 , 2.00 , 2.22 , 2.47 , 1.91 , 1.92 , 2.61 , 1.91 , 17.38 
25, 0.44 ,D,Andersen,FUL, 4.5 ,,,,, 3.19 , 3.50 , 2.72 , 3.92 , 3.74 , 2.88 , 3.10 , 2.91 , 25.96 
26, 0.38 ,D,Agbadou,WOL, 4.5 ,,,,, 2.58 , 2.93 , 3.74 , 2.58 , 3.55 , 2.67 , 3.13 , 3.60 , 24.78 
27, 0.40 ,D,Guehi,CPL, 4.5 ,,,,, 2.41 , 3.72 , 2.62 , 4.31 , 3.13 , 2.38 , 3.22 , 3.35 , 25.13 
28, 0.39 ,D,Richards,CPL, 4.5 ,,,,, 2.56 , 3.54 , 2.65 , 4.01 , 3.05 , 2.43 , 3.16 , 3.22 , 24.62 
29, 0.36 ,D,Konate,LIV, 5.5 ,,,,, 3.76 , 2.87 , 2.97 , 3.72 , 3.62 , 3.01 , 2.49 , 3.13 , 25.57 
30, 0.27 ,D,Lewis-Skelly,ARS, 5.5 ,,,,, 2.68 , 3.58 , 1.94 , 3.16 , 2.23 , 2.38 , 3.13 , 2.64 , 21.73 
31, 0.35 ,D,O'Brien,EVE, 5.0 ,,,,, 3.23 , 3.16 , 3.19 , 2.92 , 1.76 , 3.39 , 3.24 , 1.77 , 22.67 
32, 0.32 ,D,Toti,WOL, 4.5 ,,,,, 2.27 , 2.69 , 3.52 , 2.31 , 3.39 , 2.41 , 2.92 , 3.36 , 22.88 
33, 0.42 ,D,N.Williams,NOT, 5.0 ,,,,, 3.83 , 3.19 , 3.83 , 2.34 , 3.70 , 4.16 , 2.60 , 2.78 , 26.43 
34, 0.42 ,D,Konsa,AVL, 4.5 ,,,,, 3.04 , 2.93 , 3.34 , 3.13 , 3.59 , 3.40 , 4.09 , 2.47 , 25.99 
35, 0.29 ,D,Mykolenko,EVE, 5.0 ,,,,, 1.54 , 3.08 , 3.16 , 2.86 , 1.77 , 3.32 , 3.16 , 1.77 , 20.67 
36, 0.40 ,D,Van de Ven,TOT, 4.5 ,,,,, 4.20 , 1.77 , 3.17 , 2.86 , 2.44 , 3.51 , 2.91 , 2.78 , 23.63 
37, 0.40 ,D,Kilman,WHM, 4.5 ,,,,, 3.66 , 2.73 , 3.10 , 2.98 , 3.19 , 3.09 , 2.16 , 3.18 , 24.11 
38, 0.30 ,D,Mitchell,CPL, 5.0 ,,,,, 2.09 , 3.34 , 2.34 , 3.87 , 2.83 , 2.12 , 2.85 , 3.03 , 22.46 
39, 0.31 ,D,Tete,FUL, 4.5 ,,,,, 2.62 , 2.91 , 2.13 , 3.14 , 2.95 , 2.18 , 2.39 , 2.24 , 20.56 
40, 0.38 ,D,Aina,NOT, 5.0 ,,,,, 3.58 , 2.86 , 3.56 , 2.11 , 3.58 , 4.08 , 2.34 , 2.61 , 24.71 
41, 0.36 ,D,Van Hecke,BRI, 4.5 ,,,,, 3.56 , 3.16 , 2.22 , 2.68 , 2.92 , 2.14 , 3.12 , 2.83 , 22.62 
42, 0.26 ,D,Livramento,NEW, 5.0 ,,,,, 2.44 , 2.18 , 2.86 , 3.34 , 2.46 , 2.32 , 3.12 , 2.29 , 20.99 
43, 0.27 ,D,Hall,NEW, 5.5 ,,,,, 1.73 , 2.39 , 3.20 , 3.87 , 2.78 , 2.55 , 3.50 , 2.56 , 22.58 
44, 0.39 ,D,Dorgu,MUN, 4.5 ,,,,, 2.77 , 3.04 , 4.32 , 1.87 , 2.73 , 2.88 , 4.06 , 1.75 , 23.42 
45, 0.24 ,D,Struijk,LEE, 4.5 ,,,,, 3.48 , 1.11 , 1.42 , 1.31 , 1.60 , 1.76 , 1.78 , 2.04 , 14.50 
46, 0.34 ,D,N.Aguerd,WHM, 4.5 ,,,,, 3.40 , 2.51 , 2.74 , 2.72 , 2.96 , 2.85 , 1.92 , 3.08 , 22.18 
47, 0.38 ,D,Van den Berg,BRE, 4.5 ,,,,, 3.13 , 2.95 , 3.52 , 2.73 , 2.87 , 2.89 , 2.22 , 2.87 , 23.18 
48, 0.31 ,D,Yoro,MUN, 4.5 ,,,,, 2.53 , 2.77 , 3.65 , 1.74 , 2.32 , 2.37 , 3.23 , 1.56 , 20.16 
49, 0.23 ,D,Fofana,CHE, 4.5 ,,,,, 0.97 , 2.02 , 2.55 , 2.64 , 2.34 , 2.79 , 2.12 , 2.74 , 18.17 
50, 0.33 ,D,Diouf,WHM, 4.5 ,,,,, 3.41 , 2.49 , 2.64 , 2.69 , 2.87 , 2.66 , 1.69 , 2.94 , 21.39 
51, 0.31 ,D,De Cuyper,BRI, 4.5 ,,,,, 3.30 , 2.82 , 1.97 , 2.39 , 2.69 , 1.86 , 2.73 , 2.51 , 20.27 
52, 0.38 ,D,Rodon,LEE, 4.0 ,,,,, 3.48 , 2.07 , 2.67 , 2.65 , 2.98 , 2.81 , 2.71 , 3.23 , 22.60 
53, 0.33 ,D,De Ligt,MUN, 5.0 ,,,,, 2.82 , 2.98 , 3.99 , 1.93 , 2.64 , 2.75 , 3.61 , 1.79 , 22.51 
54, 0.38 ,D,Cash,AVL, 4.5 ,,,,, 2.90 , 2.76 , 3.14 , 2.91 , 3.32 , 3.15 , 3.83 , 2.27 , 24.26 
55, 0.34 ,D,Truffert,BOU, 4.5 ,,,,, 1.74 , 3.85 , 2.39 , 2.98 , 2.74 , 2.84 , 3.21 , 2.56 , 22.31 
56, 0.33 ,D,Todibo,WHM, 4.5 ,,,,, 3.30 , 2.41 , 2.78 , 2.61 , 2.88 , 2.79 , 1.93 , 2.91 , 21.61 
57, 0.19 ,D,Matheus N.,MCI, 5.5 ,,,,, 2.62 , 2.28 , 1.94 , 2.12 , 1.58 , 2.74 , 2.13 , 2.43 , 17.85 
58, 0.31 ,D,Bassey,FUL, 4.5 ,,,,, 2.52 , 2.89 , 2.07 , 3.28 , 3.04 , 2.23 , 2.41 , 2.29 , 20.73 
59, 0.36 ,D,Gudmundsson,LEE, 4.0 ,,,,, 3.52 , 1.73 , 2.61 , 2.50 , 2.79 , 2.83 , 2.63 , 3.15 , 21.75 
60, 0.25 ,D,Maatsen,AVL, 4.5 ,,,,, 2.32 , 2.15 , 2.50 , 2.18 , 2.68 , 2.51 , 3.12 , 1.85 , 19.30 
61, 0.23 ,D,Kayode,BRE, 4.5 ,,,,, 2.48 , 2.31 , 2.62 , 1.83 , 1.95 , 2.04 , 1.56 , 2.05 , 16.83 
62, 0.33 ,D,Ekdal,BUR, 4.0 ,,,,, 2.40 , 3.72 , 2.25 , 1.98 , 2.81 , 1.50 , 1.89 , 2.56 , 19.11 
63, 0.20 ,D,White,ARS, 5.5 ,,,,, 2.24 , 2.92 , 1.55 , 2.44 , 1.77 , 1.84 , 2.52 , 2.11 , 17.39 
64, 0.37 ,D,Esteve,BUR, 4.0 ,,,,, 2.52 , 3.80 , 2.45 , 2.18 , 3.29 , 1.82 , 2.28 , 3.21 , 21.55 
65, 0.27 ,D,Bogle,LEE, 4.5 ,,,,, 2.41 , 1.67 , 2.64 , 2.52 , 2.85 , 2.92 , 2.64 , 3.23 , 20.89 
66, 0.27 ,D,Walker,BUR, 4.5 ,,,,, 1.97 , 3.51 , 1.93 , 1.65 , 2.72 , 1.27 , 1.82 , 2.83 , 17.69 
67, 0.36 ,D,Ballard,SUN, 4.5 ,,,,, 3.27 , 3.34 , 3.05 , 2.43 , 2.42 , 2.45 , 2.04 , 3.04 , 22.03 
68, 0.28 ,D,Pau,AVL, 4.5 ,,,,, 2.45 , 2.39 , 2.69 , 2.46 , 2.80 , 2.72 , 3.26 , 1.98 , 20.76 
69, 0.15 ,D,O'Nien,SUN, 4.0 ,,,,, -   , -   , 0.30 , 1.15 , 1.87 , 2.07 , 1.74 , 2.52 , 9.65 
70, 0.29 ,D,Hartman,BUR, 4.0 ,,,,, 1.97 , 3.41 , 1.86 , 1.63 , 2.60 , 1.21 , 1.69 , 2.58 , 16.94 
71, 0.23 ,D,Hoever,WOL, 4.0 ,,,,, 1.76 , 1.84 , 2.29 , 1.53 , 2.37 , 1.63 , 2.04 , 2.24 , 15.68 
72, 0.28 ,D,Chalobah,CHE, 5.0 ,,,,, 3.41 , 2.76 , 2.82 , 2.16 , 1.94 , 2.26 , 1.80 , 2.14 , 19.30 
73, 0.23 ,D,Henry,BRE, 4.5 ,,,,, 2.35 , 2.25 , 2.61 , 1.93 , 2.02 , 2.09 , 1.52 , 1.99 , 16.78 
74, 0.25 ,D,Dunk,BRI, 4.5 ,,,,, 2.93 , 2.50 , 1.76 , 2.08 , 2.25 , 1.59 , 2.32 , 2.06 , 17.49 
75, 0.34 ,D,Hume,SUN, 4.5 ,,,,, 3.21 , 3.26 , 2.94 , 2.31 , 2.42 , 2.42 , 1.94 , 3.02 , 21.53 
76, 0.32 ,D,Reinildo,SUN, 4.0 ,,,,, 2.87 , 2.82 , 2.60 , 2.08 , 2.15 , 2.16 , 1.72 , 2.70 , 19.09 
77, 0.20 ,D,Smith,BOU, 4.5 ,,,,, 1.14 , 2.56 , 1.59 , 1.98 , 1.86 , 1.92 , 2.16 , 1.71 , 14.91 
78, 0.26 ,D,Doherty,WOL, 4.5 ,,,,, 2.06 , 2.36 , 3.02 , 1.94 , 2.82 , 1.98 , 2.38 , 2.71 , 19.29 
79, 0.28 ,D,Spence,TOT, 4.5 ,,,,, 3.67 , 1.40 , 2.26 , 1.99 , 1.78 , 2.56 , 2.03 , 1.92 , 17.61 
80, 0.30 ,D,Tosin,CHE, 4.5 ,,,,, 3.28 , 2.79 , 2.69 , 2.04 , 1.78 , 2.03 , 1.58 , 1.91 , 18.09 
81, 0.10 ,D,Martinez,MUN, 5.0 ,,,,, -   , -   , -   , 0.05 , 0.66 , 1.33 , 2.19 , 1.15 , 5.38 
82, 0.18 ,D,J.Timber,ARS, 5.5 ,,,,, 1.66 , 2.49 , 1.40 , 2.61 , 1.86 , 1.93 , 2.54 , 2.15 , 16.63 
83, 0.14 ,D,H.Bueno,WOL, 4.5 ,,,,, 0.67 , 0.74 , 0.95 , 0.62 , 0.97 , 0.77 , 1.00 , 1.06 , 6.78 
84, 0.23 ,D,Dalot,MUN, 4.5 ,,,,, 1.98 , 2.01 , 3.02 , 1.29 , 1.88 , 1.93 , 2.72 , 1.21 , 16.05 
85, 0.17 ,D,Udogie,TOT, 4.5 ,,,,, 0.80 , 0.91 , 2.03 , 1.83 , 1.58 , 2.26 , 1.86 , 1.78 , 13.05 
86, 0.19 ,D,Hill,BOU, 4.0 ,,,,, 1.53 , 1.66 , 1.06 , 1.17 , 1.19 , 1.32 , 1.51 , 1.19 , 10.63 
87, 0.15 ,D,Akanji,MCI, 5.5 ,,,,, 1.87 , 1.64 , 1.25 , 1.43 , 1.08 , 1.88 , 1.40 , 1.71 , 12.25 
88, 0.20 ,D,Digne,AVL, 4.5 ,,,,, 1.78 , 1.72 , 1.94 , 1.86 , 1.99 , 1.95 , 2.23 , 1.46 , 14.93 
89, 0.13 ,D,Calafiori,ARS, 5.5 ,,,,, 0.97 , 1.55 , 0.89 , 1.44 , 1.14 , 1.14 , 1.60 , 1.36 , 10.09 
90, 0.15 ,D,Coppola,BRI, 4.5 ,,,,, 1.10 , 1.02 , 0.83 , 1.07 , 1.15 , 0.91 , 1.24 , 1.18 , 8.50 
91, 0.15 ,D,Mosquera,WOL, 4.5 ,,,,, 0.41 , 1.01 , 1.37 , 1.06 , 1.57 , 1.22 , 1.46 , 1.64 , 9.73 
92, 0.13 ,D,Bradley,LIV, 5.0 ,,,,, 0.31 , 0.91 , 1.10 , 1.44 , 1.52 , 1.22 , 1.02 , 1.41 , 8.93 
93, 0.15 ,D,Gusto,CHE, 5.0 ,,,,, 1.23 , 1.23 , 1.40 , 1.27 , 1.15 , 1.43 , 1.03 , 1.33 , 10.07 
94, 0.11 ,D,B.Badiashile,CHE, 4.5 ,,,,, -   , -   , 0.16 , 0.40 , 0.55 , 0.79 , 0.67 , 0.79 , 3.36 
95, 0.12 ,D,Botman,NEW, 5.0 ,,,,, 0.78 , 0.60 , 0.65 , 0.98 , 0.85 , 0.92 , 1.16 , 1.05 , 7.00 
96, 0.13 ,D,Ake,MCI, 5.5 ,,,,, 1.20 , 1.04 , 0.98 , 1.08 , 0.85 , 1.40 , 1.16 , 1.33 , 9.03 
97, 0.18 ,D,Lewis-Potter,BRE, 5.0 ,,,,, 2.38 , 1.81 , 2.11 , 1.51 , 1.46 , 1.53 , 1.18 , 1.48 , 13.45 
98, 0.16 ,D,Aznou,EVE, 4.5 ,,,,, 1.88 , 1.04 , 1.00 , 0.86 , 0.65 , 1.15 , 1.12 , 0.73 , 8.43 
99, 0.12 ,D,Robertson,LIV, 6.0 ,,,,, 1.10 , 0.83 , 0.96 , 1.30 , 1.32 , 1.11 , 0.91 , 1.29 , 8.81 
100, 0.19 ,D,Shaw,MUN, 4.5 ,,,,, 1.73 , 1.83 , 2.35 , 1.12 , 1.50 , 1.40 , 1.84 , 0.89 , 12.68 
101, 0.17 ,D,Maguire,MUN, 4.5 ,,,,, 1.41 , 1.39 , 1.91 , 1.06 , 1.23 , 1.13 , 1.38 , 0.76 , 10.26 
102, 0.12 ,D,Roberts,BUR, 4.5 ,,,,, 0.13 , 0.75 , 0.39 , 0.36 , 0.64 , 0.28 , 0.47 , 0.77 , 3.78 
103, 0.21 ,D,Seelt,SUN, 4.0 ,,,,, 2.64 , 1.45 , 1.19 , 0.69 , 0.64 , 0.65 , 0.60 , 0.76 , 8.61 
104, 0.17 ,D,Sonne,BUR, 4.0 ,,,,, 1.02 , 1.54 , 0.93 , 0.80 , 1.13 , 0.60 , 0.81 , 1.09 , 7.92 
105, 0.14 ,D,R.Gomes,WOL, 4.5 ,,,,, 0.72 , 0.67 , 0.92 , 0.69 , 1.04 , 0.77 , 0.89 , 1.04 , 6.73 
106, 0.16 ,D,Trippier,NEW, 5.0 ,,,,, 1.74 , 1.35 , 1.62 , 1.78 , 1.32 , 1.21 , 1.58 , 1.23 , 11.83 
107, 0.13 ,D,Mepham,BOU, 4.0 ,,,,, 0.36 , 0.45 , 0.27 , 0.36 , 0.38 , 0.43 , 0.51 , 0.48 , 3.25 
108, 0.14 ,D,Boscagli,BRI, 4.5 ,,,,, 0.93 , 0.91 , 0.74 , 0.91 , 1.04 , 0.79 , 1.06 , 0.98 , 7.34 
109, 0.16 ,D,Mings,AVL, 4.5 ,,,,, 0.94 , 0.96 , 1.24 , 1.30 , 1.40 , 1.31 , 1.50 , 1.08 , 9.73 
110, 0.14 ,D,Heaven,MUN, 4.0 ,,,,, 0.50 , 0.53 , 0.68 , 0.33 , 0.47 , 0.49 , 0.68 , 0.35 , 4.03 
111, 0.13 ,D,Mazraoui,MUN, 5.0 ,,,,, 0.38 , 0.75 , 1.43 , 0.89 , 1.06 , 1.03 , 1.27 , 0.73 , 7.54 
112, 0.11 ,D,Kiwior,ARS, 5.5 ,,,,, 0.38 , 1.34 , 0.42 , 0.65 , 0.55 , 0.59 , 0.76 , 0.68 , 5.37 
113, 0.15 ,D,Veltman,BRI, 4.5 ,,,,, 1.15 , 1.03 , 0.87 , 0.96 , 1.05 , 0.73 , 1.10 , 0.97 , 7.86 
114, 0.17 ,D,J.Araujo,BOU, 4.0 ,,,,, 0.63 , 1.26 , 0.90 , 1.08 , 1.02 , 1.03 , 1.10 , 0.98 , 8.02 
115, 0.14 ,D,J.Cuenca,FUL, 4.5 ,,,,, 1.34 , 1.02 , 0.74 , 0.62 , 0.65 , 0.52 , 0.57 , 0.53 , 5.98 
116, 0.11 ,D,Stones,MCI, 5.5 ,,,,, 0.88 , 0.66 , 0.65 , 0.85 , 0.57 , 0.99 , 0.81 , 0.93 , 6.34 
117, 0.12 ,D,Jair Cunha,NOT, 4.5 ,,,,, 0.31 , 0.38 , 0.47 , 0.32 , 0.58 , 0.63 , 0.44 , 0.46 , 3.59 
118, 0.16 ,D,Keane,EVE, 4.5 ,,,,, 2.20 , 1.38 , 0.99 , 0.59 , 0.38 , 0.70 , 0.67 , 0.48 , 7.39 
119, 0.11 ,D,Bevan,BOU, 4.0 ,,,,, -   , 0.04 , 0.03 , 0.06 , 0.09 , 0.12 , 0.19 , 0.18 , 0.72 
120, 0.16 ,D,Bornauw,LEE, 4.0 ,,,,, 1.18 , 0.48 , 0.67 , 0.67 , 0.83 , 0.88 , 0.82 , 1.03 , 6.56 
121, 0.19 ,D,Bijol,LEE, 4.0 ,,,,, -   , 1.42 , 1.88 , 2.03 , 2.06 , 1.96 , 1.71 , 2.20 , 13.27 
122, 0.14 ,D,Danso,TOT, 4.5 ,,,,, 1.00 , 0.53 , 0.86 , 0.88 , 0.84 , 1.02 , 0.82 , 0.65 , 6.59 
123, 0.10 ,D,Tsimikas,LIV, 5.0 ,,,,, 0.41 , 0.24 , 0.31 , 0.41 , 0.42 , 0.40 , 0.37 , 0.48 , 3.04 
124, 0.14 ,D,Lewis,MCI, 5.0 ,,,,, 1.40 , 1.17 , 0.99 , 1.21 , 0.83 , 1.35 , 1.00 , 1.15 , 9.09 
125, 0.15 ,D,Castagne,FUL, 4.5 ,,,,, 1.07 , 1.08 , 0.85 , 1.36 , 1.25 , 0.93 , 0.96 , 0.96 , 8.45 
126, 0.17 ,D,Hickey,BRE, 4.0 ,,,,, 0.70 , 0.77 , 1.09 , 1.09 , 1.15 , 1.21 , 0.90 , 1.19 , 8.11 
127, 0.14 ,D,Patterson,EVE, 4.5 ,,,,, 0.77 , 0.87 , 0.97 , 0.88 , 0.61 , 1.02 , 0.95 , 0.69 , 6.76 
128, 0.12 ,D,Davies,TOT, 4.5 ,,,,, 0.50 , 0.22 , 0.33 , 0.37 , 0.34 , 0.51 , 0.40 , 0.39 , 3.05 
129, 0.14 ,D,Bogarde,AVL, 4.0 ,,,,, 0.40 , 0.42 , 0.54 , 0.52 , 0.64 , 0.66 , 0.78 , 0.55 , 4.50 
130, 0.13 ,D,Hato,CHE, 5.0 ,,,,, 0.65 , 0.71 , 0.96 , 0.98 , 0.77 , 0.85 , 0.67 , 0.92 , 6.51 
131, 0.13 ,D,Acheampong,CHE, 4.0 ,,,,, 0.40 , 0.33 , 0.32 , 0.22 , 0.22 , 0.28 , 0.25 , 0.27 , 2.30 
132, 0.15 ,D,Masuaku,SUN, 4.0 ,,,,, 0.70 , 0.65 , 0.74 , 0.57 , 0.54 , 0.53 , 0.47 , 0.71 , 4.91 
133, 0.10 ,D,Dragusin,TOT, 4.5 ,,,,, -   , 0.01 , 0.03 , 0.05 , 0.06 , 0.19 , 0.30 , 0.54 , 1.18 
134, 0.14 ,D,S.Bueno,WOL, 4.5 ,,,,, 0.71 , 0.76 , 1.07 , 0.80 , 1.11 , 0.73 , 0.84 , 1.07 , 7.10 
135, 0.15 ,D,Walker-Peters,WHM, 4.5 ,,,,, 1.04 , 0.85 , 1.04 , 1.10 , 1.10 , 0.96 , 0.63 , 1.13 , 7.84 
136, 0.13 ,D,A.Garcia,AVL, 4.0 ,,,,, 0.22 , 0.26 , 0.31 , 0.32 , 0.38 , 0.40 , 0.44 , 0.34 , 2.66 
137, 0.12 ,D,Pinnock,BRE, 4.5 ,,,,, 0.27 , 0.31 , 0.49 , 0.47 , 0.53 , 0.57 , 0.45 , 0.59 , 3.69 
138, 0.12 ,D,Diop,FUL, 4.5 ,,,,, 0.55 , 0.47 , 0.39 , 0.54 , 0.57 , 0.47 , 0.51 , 0.50 , 3.99 
139, 0.10 ,D,Zinchenko,ARS, 5.0 ,,,,, 0.15 , 0.26 , 0.19 , 0.29 , 0.25 , 0.25 , 0.37 , 0.33 , 2.07 
140, 0.13 ,D,Huggins,SUN, 4.0 ,,,,, 0.47 , 0.39 , 0.30 , 0.15 , 0.18 , 0.20 , 0.18 , 0.24 , 2.11 
141, 0.13 ,D,Tuanzebe,BUR, 4.0 ,,,,, 0.28 , 0.46 , 0.42 , 0.37 , 0.68 , 0.40 , 0.48 , 0.68 , 3.77 
142, 0.14 ,D,F.Kadioglu,BRI, 4.5 ,,,,, 0.85 , 0.78 , 0.68 , 0.73 , 0.87 , 0.63 , 0.86 , 0.82 , 6.21 
143, 0.11 ,D,Cirkin,SUN, 4.0 ,,,,, -   , -   , 0.05 , 0.14 , 0.22 , 0.26 , 0.22 , 0.36 , 1.25 
144, 0.10 ,D,O’Reilly,MCI, 5.0 ,,,,, 0.32 , 0.25 , 0.23 , 0.23 , 0.18 , 0.33 , 0.29 , 0.36 , 2.18 
145, 0.11 ,D,Lamptey,BRI, 4.5 ,,,,, 0.28 , 0.27 , 0.24 , 0.29 , 0.35 , 0.25 , 0.35 , 0.37 , 2.41 
146, 0.14 ,D,Morato,NOT, 4.5 ,,,,, 0.54 , 0.58 , 0.93 , 0.72 , 1.05 , 1.12 , 0.68 , 0.74 , 6.35 
147, 0.13 ,D,Schmidt,LEE, 4.0 ,,,,, 0.62 , 0.18 , 0.23 , 0.24 , 0.28 , 0.31 , 0.30 , 0.36 , 2.53 
148, 0.12 ,D,Scarles,WHM, 4.5 ,,,,, 0.47 , 0.47 , 0.58 , 0.57 , 0.52 , 0.44 , 0.36 , 0.51 , 3.92 
149, 0.13 ,D,Mavropanos,WHM, 4.5 ,,,,, 0.49 , 0.47 , 0.66 , 0.68 , 0.71 , 0.68 , 0.49 , 0.79 , 4.95 
150, 0.12 ,D,Pedro Lima,WOL, 4.0 ,,,,, 0.13 , 0.12 , 0.15 , 0.11 , 0.22 , 0.18 , 0.22 , 0.24 , 1.37 
151, 0.12 ,D,Gomez,LIV, 5.0 ,,,,, 0.44 , 0.46 , 0.59 , 0.92 , 0.90 , 0.77 , 0.59 , 0.80 , 5.46 
152, 0.11 ,D,Boly,NOT, 4.0 ,,,,, 0.08 , 0.11 , 0.14 , 0.08 , 0.16 , 0.19 , 0.13 , 0.14 , 1.04 
153, 0.14 ,D,Clyne,CPL, 4.0 ,,,,, 0.32 , 0.54 , 0.53 , 0.76 , 0.59 , 0.50 , 0.59 , 0.68 , 4.50 
154, 0.11 ,D,Ajer,BRE, 4.5 ,,,,, 0.34 , 0.29 , 0.37 , 0.32 , 0.31 , 0.39 , 0.25 , 0.42 , 2.69 
155, 0.11 ,D,Dixon,EVE, 4.0 ,,,,, 0.07 , 0.07 , 0.06 , 0.05 , 0.04 , 0.08 , 0.09 , 0.05 , 0.51 
156, 0.11 ,D,O.Richards,NOT, 4.5 ,,,,, 0.15 , 0.18 , 0.28 , 0.15 , 0.26 , 0.32 , 0.20 , 0.21 , 1.76 
157, 0.11 ,D,Khusanov,MCI, 5.5 ,,,,, 0.80 , 0.68 , 0.65 , 0.75 , 0.59 , 0.94 , 0.66 , 0.93 , 6.00 
158, 0.11 ,D,Hjelde,SUN, 4.0 ,,,,, -   , -   , 0.02 , 0.10 , 0.12 , 0.14 , 0.12 , 0.19 , 0.70 
159, 0.11 ,D,Alese,SUN, 4.0 ,,,,, -   , -   , 0.02 , 0.07 , 0.09 , 0.08 , 0.08 , 0.13 , 0.48 
160, 0.14 ,D,Byram,LEE, 4.0 ,,,,, 0.75 , 0.31 , 0.48 , 0.53 , 0.55 , 0.52 , 0.49 , 0.65 , 4.28 
161, 0.11 ,D,Nallo,LIV, 4.0 ,,,,, 0.05 , 0.02 , 0.02 , 0.03 , 0.04 , 0.04 , 0.04 , 0.05 , 0.30 
162, 0.11 ,D,Igor,BRI, 4.5 ,,,,, 0.14 , 0.25 , 0.26 , 0.29 , 0.33 , 0.29 , 0.38 , 0.39 , 2.32 
163, 0.12 ,D,Soler,BOU, 4.0 ,,,,, 0.08 , 0.24 , 0.20 , 0.24 , 0.26 , 0.24 , 0.28 , 0.26 , 1.79 
164, 0.10 ,D,Coleman,EVE, 4.5 ,,,,, 0.20 , 0.17 , 0.16 , 0.16 , 0.14 , 0.20 , 0.19 , 0.18 , 1.40 
165, 0.11 ,D,Amissah,FUL, 4.0 ,,,,, 0.04 , 0.03 , 0.02 , 0.03 , 0.04 , 0.04 , 0.05 , 0.04 , 0.28 
166, 0.11 ,D,Worrall,BUR, 4.0 ,,,,, 0.11 , 0.19 , 0.11 , 0.08 , 0.09 , 0.05 , 0.07 , 0.08 , 0.78 
167, 0.11 ,D,Akinmboni,BOU, 4.0 ,,,,, 0.02 , 0.04 , 0.02 , 0.05 , 0.05 , 0.06 , 0.08 , 0.07 , 0.38 
168, 0.10 ,D,Emerson,WHM, 4.5 ,,,,, -   , 0.05 , 0.06 , 0.08 , 0.02 , 0.06 , 0.05 , 0.09 , 0.41 
169, 0.12 ,D,Jordan,BUR, 4.0 ,,,,, 0.04 , 0.09 , 0.13 , 0.22 , 0.48 , 0.34 , 0.51 , 0.82 , 2.64 
170, 0.12 ,D,Humphreys,BUR, 4.0 ,,,,, 0.01 , 0.01 , 0.01 , 0.18 , 0.46 , 0.31 , 0.37 , 0.60 , 1.95 
171, 0.10 ,D,Krafth,NEW, 4.5 ,,,,, 0.09 , 0.08 , 0.09 , 0.13 , 0.11 , 0.11 , 0.13 , 0.11 , 0.86 
172, 0.10 ,D,Lascelles,NEW, 4.5 ,,,,, 0.02 , 0.02 , 0.02 , 0.02 , 0.01 , 0.02 , 0.03 , 0.02 , 0.15 
173, 0.11 ,D,Targett,NEW, 4.0 ,,,,, 0.04 , 0.02 , 0.02 , 0.05 , 0.01 , 0.02 , 0.03 , 0.02 , 0.22 
174, 0.11 ,D,Kporha,CPL, 4.0 ,,,,, 0.01 , 0.01 , 0.01 , 0.02 , 0.01 , 0.01 , 0.02 , 0.02 , 0.12 
175, 0.11 ,D,Pond,WOL, 4.0 ,,,,, 0.01 , 0.01 , 0.01 , 0.01 , 0.04 , 0.02 , 0.02 , 0.05 , 0.18 
176, 0.13 ,D,Lucas Pires,BUR, 4.0 ,,,,, 0.31 , 0.58 , 0.41 , 0.37 , 0.47 , 0.22 , 0.31 , 0.47 , 3.13 
177, 0.11 ,D,Delcroix,BUR, 4.0 ,,,,, 0.11 , 0.11 , 0.07 , 0.04 , 0.05 , 0.02 , 0.03 , 0.04 , 0.46 
178, 0.10 ,D,D.Leon,MUN, 4.5 ,,,,, 0.01 , 0.01 , 0.01 , 0.01 , 0.01 , 0.02 , 0.02 , 0.01 , 0.10 
179, 0.11 ,D,Fredricson,MUN, 4.0 ,,,,, 0.01 , 0.01 , 0.01 , 0.01 , 0.01 , 0.01 , 0.02 , 0.01 , 0.10 
180, 0.11 ,D,Ji-soo,BRE, 4.0 ,,,,, 0.01 , 0.03 , 0.07 , 0.06 , 0.08 , 0.08 , 0.07 , 0.12 , 0.52 
181, 0.11 ,D,Sousa,AVL, 4.0 ,,,,, -   , -   , 0.00 , 0.00 , 0.00 , 0.01 , 0.01 , 0.01 , 0.04 
182, 0.11 ,D,Yasin,AVL, 4.0 ,,,,, -   , -   , 0.00 , 0.00 , 0.00 , 0.01 , 0.01 , 0.01 , 0.04 
183, 0.11 ,D,Meghoma,BRE, 4.0 ,,,,, -   , -   , -   , 0.00 , 0.00 , 0.00 , 0.00 , 0.00 , 0.02 
184, 0.11 ,D,Worrall,, 4.0 ,,,,, -   , -   , -   , -   , -   , -   , -   , -   , -   
185, (1.00),D,0,,  ,,,,, -   , -   , -   , -   , -   , -   , -   , -   , -   
186, (1.00),D,0,,  ,,,,, -   , -   , -   , -   , -   , -   , -   , -   , -   
187, (1.00),D,0,,  ,,,,, -   , -   , -   , -   , -   , -   , -   , -   , -   
188, (1.00),D,0,,  ,,,,, -   , -   , -   , -   , -   , -   , -   , -   , -   
189, (1.00),D,0,,  ,,,,, -   , -   , -   , -   , -   , -   , -   , -   , -   
190, (1.00),D,0,,  ,,,,, -   , -   , -   , -   , -   , -   , -   , -   , -   
191, (1.00),D,0,,  ,,,,, -   , -   , -   , -   , -   , -   , -   , -   , -   
192, (1.00),D,0,,  ,,,,, -   , -   , -   , -   , -   , -   , -   , -   , -   
193, (1.00),D,0,,  ,,,,, -   , -   , -   , -   , -   , -   , -   , -   , -   
194, (1.00),D,0,,  ,,,,, -   , -   , -   , -   , -   , -   , -   , -   , -   
195, (1.00),D,0,,  ,,,,, -   , -   , -   , -   , -   , -   , -   , -   , -   
196, (1.00),D,0,,  ,,,,, -   , -   , -   , -   , -   , -   , -   , -   , -   
197, (1.00),D,0,,  ,,,,, -   , -   , -   , -   , -   , -   , -   , -   , -   
198, -   ,D,0,,  ,,,,, -   , -   , -   , -   , -   , -   , -   , -   , -   
199, -   ,D,0,,  ,,,,, -   , -   , -   , -   , -   , -   , -   , -   , -   
200, -   ,D,0,,  ,,,,, -   , -   , -   , -   , -   , -   , -   , -   , -   
,,,,,,,,,,,,,,,,,,
1, 0.43 ,GK,Raya,ARS, 5.5 ,,,,, 3.60 , 4.25 , 3.06 , 4.07 , 3.24 , 3.32 , 3.95 , 3.57 , 29.05 
2, 0.42 ,GK,A.Becker,LIV, 5.5 ,,,,, 3.93 , 3.40 , 3.41 , 3.94 , 3.96 , 3.47 , 3.10 , 3.52 , 28.71 
3, 0.40 ,GK,Ederson M.,MCI, 5.5 ,,,,, 3.83 , 3.58 , 3.23 , 3.50 , 2.85 , 4.07 , 3.30 , 3.72 , 28.09 
4, 0.44 ,GK,Sanchez,CHE, 5.0 ,,,,, 3.76 , 3.55 , 3.79 , 3.37 , 3.16 , 3.46 , 2.98 , 3.38 , 27.45 
5, 0.39 ,GK,Pickford,EVE, 5.5 ,,,,, 3.54 , 3.58 , 3.61 , 3.40 , 2.77 , 3.69 , 3.61 , 2.74 , 26.95 
6, 0.43 ,GK,Vicario,TOT, 5.0 ,,,,, 4.18 , 2.86 , 3.47 , 3.34 , 3.06 , 3.71 , 3.33 , 3.22 , 27.17 
7, 0.39 ,GK,Leno,FUL, 5.0 ,,,,, 3.12 , 3.43 , 2.86 , 3.68 , 3.51 , 2.95 , 3.06 , 2.99 , 25.61 
8, 0.43 ,GK,Verbruggen,BRI, 4.5 ,,,,, 3.66 , 3.41 , 2.88 , 3.06 , 3.28 , 2.81 , 3.36 , 3.11 , 25.56 
9, 0.37 ,GK,Henderson,CPL, 5.0 ,,,,, 2.88 , 3.56 , 2.92 , 3.73 , 3.13 , 2.76 , 3.19 , 3.19 , 25.36 
10, 0.42 ,GK,Sels,NOT, 5.0 ,,,,, 3.64 , 3.28 , 3.62 , 2.85 , 3.69 , 3.94 , 2.96 , 3.09 , 27.07 
11, 0.28 ,GK,Martinez,AVL, 5.0 ,,,,, -   , 3.30 , 3.60 , 3.46 , 3.70 , 3.58 , 4.02 , 3.00 , 24.65 
12, 0.35 ,GK,Pope,NEW, 5.0 ,,,,, 3.06 , 2.89 , 3.21 , 3.46 , 2.85 , 2.77 , 3.21 , 2.60 , 24.04 
13, 0.42 ,GK,Petrovic,BOU, 4.5 ,,,,, 2.87 , 3.78 , 3.02 , 3.27 , 3.14 , 3.19 , 3.40 , 3.06 , 25.72 
14, 0.40 ,GK,Jose Sa,WOL, 4.5 ,,,,, 2.90 , 3.07 , 3.61 , 2.88 , 3.46 , 2.87 , 3.14 , 3.38 , 25.30 
15, 0.30 ,GK,Onana,MUN, 5.0 ,,,,, 1.61 , 2.99 , 3.83 , 2.63 , 2.98 , 3.02 , 3.62 , 2.60 , 23.27 
16, 0.41 ,GK,Roefs,SUN, 4.5 ,,,,, 3.36 , 3.39 , 3.23 , 2.88 , 2.92 , 2.91 , 2.72 , 3.26 , 24.66 
17, 0.39 ,GK,Kelleher,BRE, 4.5 ,,,,, 2.80 , 3.16 , 3.49 , 2.99 , 3.09 , 3.10 , 2.70 , 2.97 , 24.31 
18, 0.40 ,GK,Perri,LEE, 4.5 ,,,,, 3.50 , 2.70 , 3.06 , 3.05 , 3.18 , 3.08 , 2.96 , 3.28 , 24.82 
19, 0.06 ,GK,Areola,WHM, 4.5 ,,,,, 2.37 , 1.35 , 1.30 , 1.19 , 1.39 , 1.42 , 1.33 , 1.52 , 11.88 
20, 0.24 ,GK,Dubravka,BUR, 4.0 ,,,,, 0.98 , 2.73 , 2.61 , 2.51 , 3.01 , 2.28 , 2.45 , 2.88 , 19.46 
21, 0.10 ,GK,Hermansen,WHM, 4.5 ,,,,, 1.26 , 1.79 , 1.99 , 2.09 , 2.03 , 1.89 , 1.47 , 1.88 , 14.41 
22, (0.05),GK,Weiss,BUR, 4.5 ,,,,, 1.70 , 0.88 , 0.31 , 0.29 , 0.36 , 0.34 , 0.38 , 0.45 , 4.70 
